INSERT INTO MINISTRY (Admin_ID, Name, Role, Email, Phone, Timestamp, Current_Budget) VALUES ('DEF001', 'Shri Amit Joshi', 'Budget Analyst', 'shriamitjoshi@def.gov.in', '011-9000000001', '2025-09-10 17:43:47', 4491180111.0);
INSERT INTO MINISTRY (Admin_ID, Name, Role, Email, Phone, Timestamp, Current_Budget) VALUES ('DEF002', 'Brig. Neha Gupta', 'Budget Analyst', 'brignehagupta@def.gov.in', '011-9000000002', '2025-09-10 17:43:47', 1332998164.9);
INSERT INTO MINISTRY (Admin_ID, Name, Role, Email, Phone, Timestamp, Current_Budget) VALUES ('DEF003', 'Mr. Anjali Menon', 'Contracts Manager', 'mranjalimenon@def.gov.in', '011-9000000003', '2025-09-10 17:43:47', 2448755234.5);
# INSERT INTO MINISTRY (Admin_ID, Name, Role, Email, Phone, Timestamp, Current_Budget) VALUES ('DEF004', 'Mr. Anjali Menon', 'Budget Analyst', 'mranjalimenon@def.gov.in', '011-9000000004', '2025-09-10 17:43:47', 433542601.63);
INSERT INTO MINISTRY (Admin_ID, Name, Role, Email, Phone, Timestamp, Current_Budget) VALUES ('DEF005', 'Ms. Sandeep Rao', 'Admin Officer', 'mssandeeprao@def.gov.in', '011-9000000005', '2025-09-10 17:43:47', 1712445306.28);
INSERT INTO MINISTRY (Admin_ID, Name, Role, Email, Phone, Timestamp, Current_Budget) VALUES ('DEF006', 'Col. Rakesh Singh', 'Procurement Officer', 'colrakeshsingh@def.gov.in', '011-9000000006', '2025-09-10 17:43:47', 796611757.16);
INSERT INTO MINISTRY (Admin_ID, Name, Role, Email, Phone, Timestamp, Current_Budget) VALUES ('DEF007', 'Shri Priya Sharma', 'Logistics Head', 'shripriyasharma@def.gov.in', '011-9000000007', '2025-09-10 17:43:47', 1109066741.67);
INSERT INTO MINISTRY (Admin_ID, Name, Role, Email, Phone, Timestamp, Current_Budget) VALUES ('DEF008', 'Shri Rohit Verma', 'Admin Officer', 'shrirohitverma@def.gov.in', '011-9000000008', '2025-09-10 17:43:47', 2735925145.49);
INSERT INTO MINISTRY (Admin_ID, Name, Role, Email, Phone, Timestamp, Current_Budget) VALUES ('DEF009', 'Shri Arun Kumar', 'Procurement Officer', 'shriarunkumar@def.gov.in', '011-9000000009', '2025-09-10 17:43:47', 4172811288.24);
INSERT INTO MINISTRY (Admin_ID, Name, Role, Email, Phone, Timestamp, Current_Budget) VALUES ('DEF010', 'Shri Sanjay Bhat', 'Logistics Head', 'shrisanjaybhat@def.gov.in', '011-9000000010', '2025-09-10 17:43:47', 146683185.85);
INSERT INTO MINISTRY (Admin_ID, Name, Role, Email, Phone, Timestamp, Current_Budget) VALUES ('DEF011', 'Col. Rohit Verma', 'Budget Analyst', 'colrohitverma@def.gov.in', '011-9000000011', '2025-09-10 17:43:47', 79185613.74);
INSERT INTO MINISTRY (Admin_ID, Name, Role, Email, Phone, Timestamp, Current_Budget) VALUES ('DEF012', 'Ms. Anjali Menon', 'Budget Analyst', 'msanjalimenon@def.gov.in', '011-9000000012', '2025-09-10 17:43:47', 4274567355.32);
INSERT INTO MINISTRY (Admin_ID, Name, Role, Email, Phone, Timestamp, Current_Budget) VALUES ('DEF013', 'Shri Amit Joshi', 'Logistics Head', 'shriamitjoshi@def.gov.in', '011-9000000013', '2025-09-10 17:43:47', 3686438600.74);
INSERT INTO MINISTRY (Admin_ID, Name, Role, Email, Phone, Timestamp, Current_Budget) VALUES ('DEF014', 'Col. Sandeep Rao', 'Budget Analyst', 'colsandeeprao@def.gov.in', '011-9000000014', '2025-09-10 17:43:47', 1136137091.38);
INSERT INTO MINISTRY (Admin_ID, Name, Role, Email, Phone, Timestamp, Current_Budget) VALUES ('DEF015', 'Shri Neha Gupta', 'Finance Head', 'shrinehagupta@def.gov.in', '011-9000000015', '2025-09-10 17:43:47', 1974843156.07);
INSERT INTO MINISTRY (Admin_ID, Name, Role, Email, Phone, Timestamp, Current_Budget) VALUES ('DEF016', 'Brig. Rohit Verma', 'Logistics Head', 'brigrohitverma@def.gov.in', '011-9000000016', '2025-09-10 17:43:47', 866971419.46);
INSERT INTO MINISTRY (Admin_ID, Name, Role, Email, Phone, Timestamp, Current_Budget) VALUES ('DEF017', 'Shri Priya Sharma', 'Contracts Manager', 'shripriyasharma@def.gov.in', '011-9000000017', '2025-09-10 17:43:47', 2693911966.19);
INSERT INTO MINISTRY (Admin_ID, Name, Role, Email, Phone, Timestamp, Current_Budget) VALUES ('DEF018', 'Shri Sanjay Bhat', 'Contracts Manager', 'shrisanjaybhat@def.gov.in', '011-9000000018', '2025-09-10 17:43:47', 3331848796.34);
INSERT INTO MINISTRY (Admin_ID, Name, Role, Email, Phone, Timestamp, Current_Budget) VALUES ('DEF019', 'Dr. Rohit Verma', 'Procurement Officer', 'drrohitverma@def.gov.in', '011-9000000019', '2025-09-10 17:43:47', 4340914210.2);
INSERT INTO MINISTRY (Admin_ID, Name, Role, Email, Phone, Timestamp, Current_Budget) VALUES ('DEF020', 'Mr. Arun Kumar', 'Admin Officer', 'mrarunkumar@def.gov.in', '011-9000000020', '2025-09-10 17:43:47', 1926564127.73);
INSERT INTO MINISTRY (Admin_ID, Name, Role, Email, Phone, Timestamp, Current_Budget) VALUES ('DEF021', 'Mr. Neha Gupta', 'Admin Officer', 'mrnehagupta@def.gov.in', '011-9000000021', '2025-09-10 17:43:47', 1720627712.97);
INSERT INTO MINISTRY (Admin_ID, Name, Role, Email, Phone, Timestamp, Current_Budget) VALUES ('DEF022', 'Shri Anjali Menon', 'Budget Analyst', 'shrianjalimenon@def.gov.in', '011-9000000022', '2025-09-10 17:43:47', 1298744082.32);
INSERT INTO MINISTRY (Admin_ID, Name, Role, Email, Phone, Timestamp, Current_Budget) VALUES ('DEF023', 'Dr. Neha Gupta', 'Finance Head', 'drnehagupta@def.gov.in', '011-9000000023', '2025-09-10 17:43:47', 3757670092.36);
INSERT INTO MINISTRY (Admin_ID, Name, Role, Email, Phone, Timestamp, Current_Budget) VALUES ('DEF024', 'Dr. Vikram Patel', 'Procurement Officer', 'drvikrampatel@def.gov.in', '011-9000000024', '2025-09-10 17:43:47', 3268213261.59);
INSERT INTO MINISTRY (Admin_ID, Name, Role, Email, Phone, Timestamp, Current_Budget) VALUES ('DEF025', 'Brig. Arun Kumar', 'Finance Head', 'brigarunkumar@def.gov.in', '011-9000000025', '2025-09-10 17:43:47', 4750578076.94);
INSERT INTO MINISTRY (Admin_ID, Name, Role, Email, Phone, Timestamp, Current_Budget) VALUES ('DEF026', 'Mr. Arun Kumar', 'Contracts Manager', 'mrarunkumar@def.gov.in', '011-9000000026', '2025-09-10 17:43:47', 804292611.63);
INSERT INTO MINISTRY (Admin_ID, Name, Role, Email, Phone, Timestamp, Current_Budget) VALUES ('DEF027', 'Mr. Neha Gupta', 'Logistics Head', 'mrnehagupta@def.gov.in', '011-9000000027', '2025-09-10 17:43:47', 616227758.24);
INSERT INTO MINISTRY (Admin_ID, Name, Role, Email, Phone, Timestamp, Current_Budget) VALUES ('DEF028', 'Mr. Neha Gupta', 'Logistics Head', 'mrnehagupta@def.gov.in', '011-9000000028', '2025-09-10 17:43:47', 1318406297.98);
INSERT INTO MINISTRY (Admin_ID, Name, Role, Email, Phone, Timestamp, Current_Budget) VALUES ('DEF029', 'Ms. Priya Sharma', 'Contracts Manager', 'mspriyasharma@def.gov.in', '011-9000000029', '2025-09-10 17:43:47', 3055875094.76);
INSERT INTO MINISTRY (Admin_ID, Name, Role, Email, Phone, Timestamp, Current_Budget) VALUES ('DEF030', 'Brig. Rakesh Singh', 'Procurement Officer', 'brigrakeshsingh@def.gov.in', '011-9000000030', '2025-09-10 17:43:47', 4825367826.52);
INSERT INTO MINISTRY (Admin_ID, Name, Role, Email, Phone, Timestamp, Current_Budget) VALUES ('DEF031', 'Dr. Sanjay Bhat', 'Finance Head', 'drsanjaybhat@def.gov.in', '011-9000000031', '2025-09-10 17:43:47', 4647991483.62);
INSERT INTO MINISTRY (Admin_ID, Name, Role, Email, Phone, Timestamp, Current_Budget) VALUES ('DEF032', 'Col. Rohit Verma', 'Budget Analyst', 'colrohitverma@def.gov.in', '011-9000000032', '2025-09-10 17:43:47', 4710279462.78);
INSERT INTO MINISTRY (Admin_ID, Name, Role, Email, Phone, Timestamp, Current_Budget) VALUES ('DEF033', 'Mr. Rakesh Singh', 'Contracts Manager', 'mrrakeshsingh@def.gov.in', '011-9000000033', '2025-09-10 17:43:47', 3468541358.87);
INSERT INTO MINISTRY (Admin_ID, Name, Role, Email, Phone, Timestamp, Current_Budget) VALUES ('DEF034', 'Brig. Sandeep Rao', 'Finance Head', 'brigsandeeprao@def.gov.in', '011-9000000034', '2025-09-10 17:43:47', 3501105362.35);
INSERT INTO MINISTRY (Admin_ID, Name, Role, Email, Phone, Timestamp, Current_Budget) VALUES ('DEF035', 'Ms. Sanjay Bhat', 'Finance Head', 'mssanjaybhat@def.gov.in', '011-9000000035', '2025-09-10 17:43:47', 3991324722.17);
INSERT INTO MINISTRY (Admin_ID, Name, Role, Email, Phone, Timestamp, Current_Budget) VALUES ('DEF036', 'Col. Arun Kumar', 'Admin Officer', 'colarunkumar@def.gov.in', '011-9000000036', '2025-09-10 17:43:47', 2687088964.29);
INSERT INTO MINISTRY (Admin_ID, Name, Role, Email, Phone, Timestamp, Current_Budget) VALUES ('DEF037', 'Brig. Vikram Patel', 'Finance Head', 'brigvikrampatel@def.gov.in', '011-9000000037', '2025-09-10 17:43:47', 2554505908.9);
INSERT INTO MINISTRY (Admin_ID, Name, Role, Email, Phone, Timestamp, Current_Budget) VALUES ('DEF038', 'Ms. Arun Kumar', 'Budget Analyst', 'msarunkumar@def.gov.in', '011-9000000038', '2025-09-10 17:43:47', 4120538044.55);
INSERT INTO MINISTRY (Admin_ID, Name, Role, Email, Phone, Timestamp, Current_Budget) VALUES ('DEF039', 'Dr. Rohit Verma', 'Admin Officer', 'drrohitverma@def.gov.in', '011-9000000039', '2025-09-10 17:43:47', 3196146275.2);
INSERT INTO MINISTRY (Admin_ID, Name, Role, Email, Phone, Timestamp, Current_Budget) VALUES ('DEF040', 'Shri Priya Sharma', 'Budget Analyst', 'shripriyasharma@def.gov.in', '011-9000000040', '2025-09-10 17:43:47', 921877957.38);
INSERT INTO MINISTRY (Admin_ID, Name, Role, Email, Phone, Timestamp, Current_Budget) VALUES ('DEF041', 'Col. Anjali Menon', 'Contracts Manager', 'colanjalimenon@def.gov.in', '011-9000000041', '2025-09-10 17:43:47', 4050586133.09);
INSERT INTO MINISTRY (Admin_ID, Name, Role, Email, Phone, Timestamp, Current_Budget) VALUES ('DEF042', 'Col. Neha Gupta', 'Budget Analyst', 'colnehagupta@def.gov.in', '011-9000000042', '2025-09-10 17:43:47', 2206093740.37);
INSERT INTO MINISTRY (Admin_ID, Name, Role, Email, Phone, Timestamp, Current_Budget) VALUES ('DEF043', 'Brig. Sanjay Bhat', 'Admin Officer', 'brigsanjaybhat@def.gov.in', '011-9000000043', '2025-09-10 17:43:47', 1645407685.76);
INSERT INTO MINISTRY (Admin_ID, Name, Role, Email, Phone, Timestamp, Current_Budget) VALUES ('DEF044', 'Mr. Rakesh Singh', 'Admin Officer', 'mrrakeshsingh@def.gov.in', '011-9000000044', '2025-09-10 17:43:47', 4414074360.81);
INSERT INTO MINISTRY (Admin_ID, Name, Role, Email, Phone, Timestamp, Current_Budget) VALUES ('DEF045', 'Mr. Neha Gupta', 'Contracts Manager', 'mrnehagupta@def.gov.in', '011-9000000045', '2025-09-10 17:43:47', 3071141935.94);
INSERT INTO MINISTRY (Admin_ID, Name, Role, Email, Phone, Timestamp, Current_Budget) VALUES ('DEF046', 'Shri Vikram Patel', 'Finance Head', 'shrivikrampatel@def.gov.in', '011-9000000046', '2025-09-10 17:43:47', 2496817192.9);
INSERT INTO MINISTRY (Admin_ID, Name, Role, Email, Phone, Timestamp, Current_Budget) VALUES ('DEF047', 'Ms. Priya Sharma', 'Budget Analyst', 'mspriyasharma@def.gov.in', '011-9000000047', '2025-09-10 17:43:47', 1099993258.39);
INSERT INTO MINISTRY (Admin_ID, Name, Role, Email, Phone, Timestamp, Current_Budget) VALUES ('DEF048', 'Ms. Vikram Patel', 'Admin Officer', 'msvikrampatel@def.gov.in', '011-9000000048', '2025-09-10 17:43:47', 4407583899.8);
INSERT INTO MINISTRY (Admin_ID, Name, Role, Email, Phone, Timestamp, Current_Budget) VALUES ('DEF049', 'Brig. Anjali Menon', 'Contracts Manager', 'briganjalimenon@def.gov.in', '011-9000000049', '2025-09-10 17:43:47', 100248016.47);
INSERT INTO MINISTRY (Admin_ID, Name, Role, Email, Phone, Timestamp, Current_Budget) VALUES ('DEF050', 'Mr. Rakesh Singh', 'Procurement Officer', 'mrrakeshsingh@def.gov.in', '011-9000000050', '2025-09-10 17:43:47', 3614369587.32);
INSERT INTO MINISTRY (Admin_ID, Name, Role, Email, Phone, Timestamp, Current_Budget) VALUES ('DEF051', 'Shri Amit Joshi', 'Procurement Officer', 'shriamitjoshi@def.gov.in', '011-9000000051', '2025-09-10 17:43:47', 3468516230.26);
INSERT INTO MINISTRY (Admin_ID, Name, Role, Email, Phone, Timestamp, Current_Budget) VALUES ('DEF052', 'Brig. Neha Gupta', 'Budget Analyst', 'brignehagupta@def.gov.in', '011-9000000052', '2025-09-10 17:43:47', 3975017697.25);
INSERT INTO MINISTRY (Admin_ID, Name, Role, Email, Phone, Timestamp, Current_Budget) VALUES ('DEF053', 'Dr. Anjali Menon', 'Procurement Officer', 'dranjalimenon@def.gov.in', '011-9000000053', '2025-09-10 17:43:47', 2051785586.96);
INSERT INTO MINISTRY (Admin_ID, Name, Role, Email, Phone, Timestamp, Current_Budget) VALUES ('DEF054', 'Mr. Anjali Menon', 'Logistics Head', 'mranjalimenon@def.gov.in', '011-9000000054', '2025-09-10 17:43:47', 2928700147.4);
INSERT INTO MINISTRY (Admin_ID, Name, Role, Email, Phone, Timestamp, Current_Budget) VALUES ('DEF055', 'Shri Amit Joshi', 'Contracts Manager', 'shriamitjoshi@def.gov.in', '011-9000000055', '2025-09-10 17:43:47', 1751599101.02);
INSERT INTO MINISTRY (Admin_ID, Name, Role, Email, Phone, Timestamp, Current_Budget) VALUES ('DEF056', 'Brig. Amit Joshi', 'Admin Officer', 'brigamitjoshi@def.gov.in', '011-9000000056', '2025-09-10 17:43:47', 1791462111.69);
INSERT INTO MINISTRY (Admin_ID, Name, Role, Email, Phone, Timestamp, Current_Budget) VALUES ('DEF057', 'Shri Anjali Menon', 'Admin Officer', 'shrianjalimenon@def.gov.in', '011-9000000057', '2025-09-10 17:43:47', 1294448197.19);
INSERT INTO MINISTRY (Admin_ID, Name, Role, Email, Phone, Timestamp, Current_Budget) VALUES ('DEF058', 'Dr. Sandeep Rao', 'Admin Officer', 'drsandeeprao@def.gov.in', '011-9000000058', '2025-09-10 17:43:47', 641795969.21);
INSERT INTO MINISTRY (Admin_ID, Name, Role, Email, Phone, Timestamp, Current_Budget) VALUES ('DEF059', 'Col. Priya Sharma', 'Procurement Officer', 'colpriyasharma@def.gov.in', '011-9000000059', '2025-09-10 17:43:47', 1121103967.4);
INSERT INTO MINISTRY (Admin_ID, Name, Role, Email, Phone, Timestamp, Current_Budget) VALUES ('DEF060', 'Shri Anjali Menon', 'Logistics Head', 'shrianjalimenon@def.gov.in', '011-9000000060', '2025-09-10 17:43:47', 2968455184.51);
INSERT INTO MINISTRY (Admin_ID, Name, Role, Email, Phone, Timestamp, Current_Budget) VALUES ('DEF061', 'Col. Sanjay Bhat', 'Admin Officer', 'colsanjaybhat@def.gov.in', '011-9000000061', '2025-09-10 17:43:47', 4903527620.79);
INSERT INTO MINISTRY (Admin_ID, Name, Role, Email, Phone, Timestamp, Current_Budget) VALUES ('DEF062', 'Mr. Anjali Menon', 'Procurement Officer', 'mranjalimenon@def.gov.in', '011-9000000062', '2025-09-10 17:43:47', 1836361292.29);
INSERT INTO MINISTRY (Admin_ID, Name, Role, Email, Phone, Timestamp, Current_Budget) VALUES ('DEF063', 'Ms. Arun Kumar', 'Logistics Head', 'msarunkumar@def.gov.in', '011-9000000063', '2025-09-10 17:43:47', 2693968691.87);
INSERT INTO MINISTRY (Admin_ID, Name, Role, Email, Phone, Timestamp, Current_Budget) VALUES ('DEF064', 'Ms. Arun Kumar', 'Finance Head', 'msarunkumar@def.gov.in', '011-9000000064', '2025-09-10 17:43:47', 2789126885.65);
INSERT INTO MINISTRY (Admin_ID, Name, Role, Email, Phone, Timestamp, Current_Budget) VALUES ('DEF065', 'Brig. Priya Sharma', 'Logistics Head', 'brigpriyasharma@def.gov.in', '011-9000000065', '2025-09-10 17:43:47', 4348882926.45);
INSERT INTO MINISTRY (Admin_ID, Name, Role, Email, Phone, Timestamp, Current_Budget) VALUES ('DEF066', 'Shri Rakesh Singh', 'Finance Head', 'shrirakeshsingh@def.gov.in', '011-9000000066', '2025-09-10 17:43:47', 2891617887.15);
INSERT INTO MINISTRY (Admin_ID, Name, Role, Email, Phone, Timestamp, Current_Budget) VALUES ('DEF067', 'Shri Neha Gupta', 'Budget Analyst', 'shrinehagupta@def.gov.in', '011-9000000067', '2025-09-10 17:43:47', 1736494366.17);
INSERT INTO MINISTRY (Admin_ID, Name, Role, Email, Phone, Timestamp, Current_Budget) VALUES ('DEF068', 'Dr. Anjali Menon', 'Budget Analyst', 'dranjalimenon@def.gov.in', '011-9000000068', '2025-09-10 17:43:47', 614731346.59);
INSERT INTO MINISTRY (Admin_ID, Name, Role, Email, Phone, Timestamp, Current_Budget) VALUES ('DEF069', 'Dr. Rohit Verma', 'Budget Analyst', 'drrohitverma@def.gov.in', '011-9000000069', '2025-09-10 17:43:47', 416706742.77);
INSERT INTO MINISTRY (Admin_ID, Name, Role, Email, Phone, Timestamp, Current_Budget) VALUES ('DEF070', 'Brig. Arun Kumar', 'Procurement Officer', 'brigarunkumar@def.gov.in', '011-9000000070', '2025-09-10 17:43:47', 788528043.14);
INSERT INTO MINISTRY (Admin_ID, Name, Role, Email, Phone, Timestamp, Current_Budget) VALUES ('DEF071', 'Col. Anjali Menon', 'Finance Head', 'colanjalimenon@def.gov.in', '011-9000000071', '2025-09-10 17:43:47', 4969894707.42);
INSERT INTO MINISTRY (Admin_ID, Name, Role, Email, Phone, Timestamp, Current_Budget) VALUES ('DEF072', 'Dr. Amit Joshi', 'Budget Analyst', 'dramitjoshi@def.gov.in', '011-9000000072', '2025-09-10 17:43:47', 3051272373.65);
INSERT INTO MINISTRY (Admin_ID, Name, Role, Email, Phone, Timestamp, Current_Budget) VALUES ('DEF073', 'Col. Sandeep Rao', 'Contracts Manager', 'colsandeeprao@def.gov.in', '011-9000000073', '2025-09-10 17:43:47', 1932871229.43);
INSERT INTO MINISTRY (Admin_ID, Name, Role, Email, Phone, Timestamp, Current_Budget) VALUES ('DEF074', 'Shri Anjali Menon', 'Contracts Manager', 'shrianjalimenon@def.gov.in', '011-9000000074', '2025-09-10 17:43:47', 4950654739.31);
INSERT INTO MINISTRY (Admin_ID, Name, Role, Email, Phone, Timestamp, Current_Budget) VALUES ('DEF075', 'Ms. Sanjay Bhat', 'Contracts Manager', 'mssanjaybhat@def.gov.in', '011-9000000075', '2025-09-10 17:43:47', 348140006.64);
INSERT INTO MINISTRY (Admin_ID, Name, Role, Email, Phone, Timestamp, Current_Budget) VALUES ('DEF076', 'Brig. Rakesh Singh', 'Procurement Officer', 'brigrakeshsingh@def.gov.in', '011-9000000076', '2025-09-10 17:43:47', 3146299400.51);
INSERT INTO MINISTRY (Admin_ID, Name, Role, Email, Phone, Timestamp, Current_Budget) VALUES ('DEF077', 'Ms. Rakesh Singh', 'Procurement Officer', 'msrakeshsingh@def.gov.in', '011-9000000077', '2025-09-10 17:43:47', 1237332629.49);
INSERT INTO MINISTRY (Admin_ID, Name, Role, Email, Phone, Timestamp, Current_Budget) VALUES ('DEF078', 'Col. Rakesh Singh', 'Procurement Officer', 'colrakeshsingh@def.gov.in', '011-9000000078', '2025-09-10 17:43:47', 63244826.88);
INSERT INTO MINISTRY (Admin_ID, Name, Role, Email, Phone, Timestamp, Current_Budget) VALUES ('DEF079', 'Shri Sanjay Bhat', 'Budget Analyst', 'shrisanjaybhat@def.gov.in', '011-9000000079', '2025-09-10 17:43:47', 1491733480.7);
INSERT INTO MINISTRY (Admin_ID, Name, Role, Email, Phone, Timestamp, Current_Budget) VALUES ('DEF080', 'Mr. Anjali Menon', 'Logistics Head', 'mranjalimenon@def.gov.in', '011-9000000080', '2025-09-10 17:43:47', 1449455946.91);
INSERT INTO DEPARTMENT (Dept_ID, Name, Location, Budget_Allocation, Current_Budget, Email, Region, Timestamp) VALUES ('DPT001', 'Field Ops Unit 1', 'Bengaluru', 346818610.83, 282732701.83, 'fieldopsunit1@gov.in', 'Central', '2025-09-10 17:43:47');
INSERT INTO DEPARTMENT (Dept_ID, Name, Location, Budget_Allocation, Current_Budget, Email, Region, Timestamp) VALUES ('DPT002', 'Logistics Corps 2', 'Hyderabad', 66240388.21, 63262095.160000004, 'logisticscorps2@gov.in', 'South', '2025-09-10 17:43:47');
INSERT INTO DEPARTMENT (Dept_ID, Name, Location, Budget_Allocation, Current_Budget, Email, Region, Timestamp) VALUES ('DPT003', 'Cyber Command 3', 'Mumbai', 44990820.06, 43497819.59, 'cybercommand3@gov.in', 'East', '2025-09-10 17:43:47');
INSERT INTO DEPARTMENT (Dept_ID, Name, Location, Budget_Allocation, Current_Budget, Email, Region, Timestamp) VALUES ('DPT004', 'Maintenance Unit 4', 'Chennai', 225185189.85, 204076421.57, 'maintenanceunit4@gov.in', 'East', '2025-09-10 17:43:47');
INSERT INTO DEPARTMENT (Dept_ID, Name, Location, Budget_Allocation, Current_Budget, Email, Region, Timestamp) VALUES ('DPT005', 'Research Lab 5', 'Chennai', 255231366.79, 230024961.04, 'researchlab5@gov.in', 'North', '2025-09-10 17:43:47');
INSERT INTO DEPARTMENT (Dept_ID, Name, Location, Budget_Allocation, Current_Budget, Email, Region, Timestamp) VALUES ('DPT006', 'Maintenance Unit 6', 'New Delhi', 445817215.75, 380323642.04, 'maintenanceunit6@gov.in', 'Central', '2025-09-10 17:43:47');
INSERT INTO DEPARTMENT (Dept_ID, Name, Location, Budget_Allocation, Current_Budget, Email, Region, Timestamp) VALUES ('DPT007', 'Cyber Command 7', 'New Delhi', 54750174.45, 44217214.32, 'cybercommand7@gov.in', 'Central', '2025-09-10 17:43:47');
INSERT INTO DEPARTMENT (Dept_ID, Name, Location, Budget_Allocation, Current_Budget, Email, Region, Timestamp) VALUES ('DPT008', 'Maintenance Unit 8', 'New Delhi', 499790484.27, 432590496.54999995, 'maintenanceunit8@gov.in', 'East', '2025-09-10 17:43:47');
INSERT INTO DEPARTMENT (Dept_ID, Name, Location, Budget_Allocation, Current_Budget, Email, Region, Timestamp) VALUES ('DPT009', 'Maintenance Unit 9', 'New Delhi', 383923412.04, 370471447.63, 'maintenanceunit9@gov.in', 'Central', '2025-09-10 17:43:47');
INSERT INTO DEPARTMENT (Dept_ID, Name, Location, Budget_Allocation, Current_Budget, Email, Region, Timestamp) VALUES ('DPT010', 'Field Ops Unit 10', 'Chennai', 98929682.14, 87348387.38, 'fieldopsunit10@gov.in', 'West', '2025-09-10 17:43:47');
INSERT INTO DEPARTMENT (Dept_ID, Name, Location, Budget_Allocation, Current_Budget, Email, Region, Timestamp) VALUES ('DPT011', 'Air Command 11', 'Visakhapatnam', 180500917.58, 168468423.4, 'aircommand11@gov.in', 'North', '2025-09-10 17:43:47');
INSERT INTO DEPARTMENT (Dept_ID, Name, Location, Budget_Allocation, Current_Budget, Email, Region, Timestamp) VALUES ('DPT012', 'Naval Fleet 12', 'Pune', 211706094.0, 190727331.77, 'navalfleet12@gov.in', 'West', '2025-09-10 17:43:47');
INSERT INTO DEPARTMENT (Dept_ID, Name, Location, Budget_Allocation, Current_Budget, Email, Region, Timestamp) VALUES ('DPT013', 'Engineering Wing 13', 'New Delhi', 232864695.21, 218216706.82, 'engineeringwing13@gov.in', 'East', '2025-09-10 17:43:47');
INSERT INTO DEPARTMENT (Dept_ID, Name, Location, Budget_Allocation, Current_Budget, Email, Region, Timestamp) VALUES ('DPT014', 'Air Command 14', 'Hyderabad', 433806186.19, 362234481.4, 'aircommand14@gov.in', 'North', '2025-09-10 17:43:47');
INSERT INTO DEPARTMENT (Dept_ID, Name, Location, Budget_Allocation, Current_Budget, Email, Region, Timestamp) VALUES ('DPT015', 'Engineering Wing 15', 'Visakhapatnam', 212491309.69, 204519377.71, 'engineeringwing15@gov.in', 'East', '2025-09-10 17:43:47');
INSERT INTO DEPARTMENT (Dept_ID, Name, Location, Budget_Allocation, Current_Budget, Email, Region, Timestamp) VALUES ('DPT016', 'Maintenance Unit 16', 'Visakhapatnam', 316450283.65, 268350439.51, 'maintenanceunit16@gov.in', 'South', '2025-09-10 17:43:47');
INSERT INTO DEPARTMENT (Dept_ID, Name, Location, Budget_Allocation, Current_Budget, Email, Region, Timestamp) VALUES ('DPT017', 'Cyber Command 17', 'Mumbai', 464559652.81, 423853440.61, 'cybercommand17@gov.in', 'West', '2025-09-10 17:43:47');
INSERT INTO DEPARTMENT (Dept_ID, Name, Location, Budget_Allocation, Current_Budget, Email, Region, Timestamp) VALUES ('DPT018', 'Air Command 18', 'New Delhi', 486841939.75, 427557087.06, 'aircommand18@gov.in', 'South', '2025-09-10 17:43:47');
INSERT INTO DEPARTMENT (Dept_ID, Name, Location, Budget_Allocation, Current_Budget, Email, Region, Timestamp) VALUES ('DPT019', 'Naval Fleet 19', 'Chennai', 279911113.43, 248994852.07, 'navalfleet19@gov.in', 'North', '2025-09-10 17:43:47');
INSERT INTO DEPARTMENT (Dept_ID, Name, Location, Budget_Allocation, Current_Budget, Email, Region, Timestamp) VALUES ('DPT020', 'Logistics Corps 20', 'Bengaluru', 236109468.15, 230562494.15, 'logisticscorps20@gov.in', 'South', '2025-09-10 17:43:47');
INSERT INTO DEPARTMENT (Dept_ID, Name, Location, Budget_Allocation, Current_Budget, Email, Region, Timestamp) VALUES ('DPT021', 'Field Ops Unit 21', 'Chennai', 259347287.38, 245164886.32999998, 'fieldopsunit21@gov.in', 'West', '2025-09-10 17:43:47');
INSERT INTO DEPARTMENT (Dept_ID, Name, Location, Budget_Allocation, Current_Budget, Email, Region, Timestamp) VALUES ('DPT022', 'Field Ops Unit 22', 'Kolkata', 233825371.64, 227061179.23, 'fieldopsunit22@gov.in', 'South', '2025-09-10 17:43:47');
INSERT INTO DEPARTMENT (Dept_ID, Name, Location, Budget_Allocation, Current_Budget, Email, Region, Timestamp) VALUES ('DPT023', 'Maintenance Unit 23', 'Mumbai', 433373197.87, 409429553.8, 'maintenanceunit23@gov.in', 'West', '2025-09-10 17:43:47');
INSERT INTO DEPARTMENT (Dept_ID, Name, Location, Budget_Allocation, Current_Budget, Email, Region, Timestamp) VALUES ('DPT024', 'Medical Corps 24', 'Chennai', 412069241.86, 388759392.78000003, 'medicalcorps24@gov.in', 'East', '2025-09-10 17:43:47');
INSERT INTO DEPARTMENT (Dept_ID, Name, Location, Budget_Allocation, Current_Budget, Email, Region, Timestamp) VALUES ('DPT025', 'Maintenance Unit 25', 'Visakhapatnam', 433977691.4, 395219370.04999995, 'maintenanceunit25@gov.in', 'West', '2025-09-10 17:43:47');
INSERT INTO DEPARTMENT (Dept_ID, Name, Location, Budget_Allocation, Current_Budget, Email, Region, Timestamp) VALUES ('DPT026', 'Medical Corps 26', 'Pune', 280439534.36, 249959679.60000002, 'medicalcorps26@gov.in', 'West', '2025-09-10 17:43:47');
INSERT INTO DEPARTMENT (Dept_ID, Name, Location, Budget_Allocation, Current_Budget, Email, Region, Timestamp) VALUES ('DPT027', 'Medical Corps 27', 'Kolkata', 490579569.35, 467148945.15000004, 'medicalcorps27@gov.in', 'West', '2025-09-10 17:43:47');
INSERT INTO DEPARTMENT (Dept_ID, Name, Location, Budget_Allocation, Current_Budget, Email, Region, Timestamp) VALUES ('DPT028', 'Logistics Corps 28', 'Hyderabad', 31387176.56, 26712338.14, 'logisticscorps28@gov.in', 'West', '2025-09-10 17:43:47');
INSERT INTO DEPARTMENT (Dept_ID, Name, Location, Budget_Allocation, Current_Budget, Email, Region, Timestamp) VALUES ('DPT029', 'Research Lab 29', 'Mumbai', 252711038.31, 250839985.43, 'researchlab29@gov.in', 'Central', '2025-09-10 17:43:47');
INSERT INTO DEPARTMENT (Dept_ID, Name, Location, Budget_Allocation, Current_Budget, Email, Region, Timestamp) VALUES ('DPT030', 'Maintenance Unit 30', 'Pune', 436153153.55, 359896975.86, 'maintenanceunit30@gov.in', 'West', '2025-09-10 17:43:47');
INSERT INTO DEPARTMENT (Dept_ID, Name, Location, Budget_Allocation, Current_Budget, Email, Region, Timestamp) VALUES ('DPT031', 'Air Command 31', 'Visakhapatnam', 17520322.98, 17015193.09, 'aircommand31@gov.in', 'South', '2025-09-10 17:43:47');
INSERT INTO DEPARTMENT (Dept_ID, Name, Location, Budget_Allocation, Current_Budget, Email, Region, Timestamp) VALUES ('DPT032', 'Air Command 32', 'Visakhapatnam', 392947392.72, 372119390.67, 'aircommand32@gov.in', 'Central', '2025-09-10 17:43:47');
INSERT INTO DEPARTMENT (Dept_ID, Name, Location, Budget_Allocation, Current_Budget, Email, Region, Timestamp) VALUES ('DPT033', 'Research Lab 33', 'Bengaluru', 427364993.25, 354512823.34000003, 'researchlab33@gov.in', 'Central', '2025-09-10 17:43:47');
INSERT INTO DEPARTMENT (Dept_ID, Name, Location, Budget_Allocation, Current_Budget, Email, Region, Timestamp) VALUES ('DPT034', 'Research Lab 34', 'Pune', 317131597.71, 260844628.23, 'researchlab34@gov.in', 'West', '2025-09-10 17:43:47');
INSERT INTO DEPARTMENT (Dept_ID, Name, Location, Budget_Allocation, Current_Budget, Email, Region, Timestamp) VALUES ('DPT035', 'Engineering Wing 35', 'New Delhi', 312555136.19, 297879407.13, 'engineeringwing35@gov.in', 'East', '2025-09-10 17:43:47');
INSERT INTO DEPARTMENT (Dept_ID, Name, Location, Budget_Allocation, Current_Budget, Email, Region, Timestamp) VALUES ('DPT036', 'Logistics Corps 36', 'Bengaluru', 222646021.24, 218262427.16, 'logisticscorps36@gov.in', 'North', '2025-09-10 17:43:47');
INSERT INTO DEPARTMENT (Dept_ID, Name, Location, Budget_Allocation, Current_Budget, Email, Region, Timestamp) VALUES ('DPT037', 'Field Ops Unit 37', 'Mumbai', 350060569.77, 286809941.39, 'fieldopsunit37@gov.in', 'North', '2025-09-10 17:43:47');
INSERT INTO DEPARTMENT (Dept_ID, Name, Location, Budget_Allocation, Current_Budget, Email, Region, Timestamp) VALUES ('DPT038', 'Medical Corps 38', 'New Delhi', 153750210.22, 142223830.95, 'medicalcorps38@gov.in', 'South', '2025-09-10 17:43:47');
INSERT INTO DEPARTMENT (Dept_ID, Name, Location, Budget_Allocation, Current_Budget, Email, Region, Timestamp) VALUES ('DPT039', 'Logistics Corps 39', 'Hyderabad', 287304750.34, 241765828.41999996, 'logisticscorps39@gov.in', 'South', '2025-09-10 17:43:47');
INSERT INTO DEPARTMENT (Dept_ID, Name, Location, Budget_Allocation, Current_Budget, Email, Region, Timestamp) VALUES ('DPT040', 'Naval Fleet 40', 'Bengaluru', 308650975.58, 285036441.39, 'navalfleet40@gov.in', 'South', '2025-09-10 17:43:47');
INSERT INTO DEPARTMENT (Dept_ID, Name, Location, Budget_Allocation, Current_Budget, Email, Region, Timestamp) VALUES ('DPT041', 'Field Ops Unit 41', 'Mumbai', 123772337.7, 107981348.22, 'fieldopsunit41@gov.in', 'West', '2025-09-10 17:43:47');
INSERT INTO DEPARTMENT (Dept_ID, Name, Location, Budget_Allocation, Current_Budget, Email, Region, Timestamp) VALUES ('DPT042', 'Cyber Command 42', 'New Delhi', 450465180.53, 408549102.17999995, 'cybercommand42@gov.in', 'East', '2025-09-10 17:43:47');
INSERT INTO DEPARTMENT (Dept_ID, Name, Location, Budget_Allocation, Current_Budget, Email, Region, Timestamp) VALUES ('DPT043', 'Engineering Wing 43', 'Mumbai', 46192331.14, 37459803.65, 'engineeringwing43@gov.in', 'Central', '2025-09-10 17:43:47');
INSERT INTO DEPARTMENT (Dept_ID, Name, Location, Budget_Allocation, Current_Budget, Email, Region, Timestamp) VALUES ('DPT044', 'Cyber Command 44', 'Hyderabad', 348253621.11, 316434675.91, 'cybercommand44@gov.in', 'East', '2025-09-10 17:43:47');
INSERT INTO DEPARTMENT (Dept_ID, Name, Location, Budget_Allocation, Current_Budget, Email, Region, Timestamp) VALUES ('DPT045', 'Logistics Corps 45', 'Hyderabad', 428134374.74, 419001988.75, 'logisticscorps45@gov.in', 'West', '2025-09-10 17:43:47');
INSERT INTO DEPARTMENT (Dept_ID, Name, Location, Budget_Allocation, Current_Budget, Email, Region, Timestamp) VALUES ('DPT046', 'Maintenance Unit 46', 'Pune', 291657845.79, 233752561.19000003, 'maintenanceunit46@gov.in', 'East', '2025-09-10 17:43:47');
INSERT INTO DEPARTMENT (Dept_ID, Name, Location, Budget_Allocation, Current_Budget, Email, Region, Timestamp) VALUES ('DPT047', 'Army Division 47', 'Hyderabad', 144495386.29, 128140559.91, 'armydivision47@gov.in', 'North', '2025-09-10 17:43:47');
INSERT INTO DEPARTMENT (Dept_ID, Name, Location, Budget_Allocation, Current_Budget, Email, Region, Timestamp) VALUES ('DPT048', 'Maintenance Unit 48', 'Visakhapatnam', 418091060.84, 342589257.26, 'maintenanceunit48@gov.in', 'South', '2025-09-10 17:43:47');
INSERT INTO DEPARTMENT (Dept_ID, Name, Location, Budget_Allocation, Current_Budget, Email, Region, Timestamp) VALUES ('DPT049', 'Maintenance Unit 49', 'Pune', 117312224.07, 112851262.75999999, 'maintenanceunit49@gov.in', 'East', '2025-09-10 17:43:47');
INSERT INTO DEPARTMENT (Dept_ID, Name, Location, Budget_Allocation, Current_Budget, Email, Region, Timestamp) VALUES ('DPT050', 'Naval Fleet 50', 'Bengaluru', 452667815.0, 394152296.77, 'navalfleet50@gov.in', 'East', '2025-09-10 17:43:47');
INSERT INTO DEPARTMENT (Dept_ID, Name, Location, Budget_Allocation, Current_Budget, Email, Region, Timestamp) VALUES ('DPT051', 'Field Ops Unit 51', 'New Delhi', 293991164.63, 250929704.41, 'fieldopsunit51@gov.in', 'North', '2025-09-10 17:43:47');
INSERT INTO DEPARTMENT (Dept_ID, Name, Location, Budget_Allocation, Current_Budget, Email, Region, Timestamp) VALUES ('DPT052', 'Cyber Command 52', 'Pune', 376265623.82, 363048159.69, 'cybercommand52@gov.in', 'South', '2025-09-10 17:43:47');
INSERT INTO DEPARTMENT (Dept_ID, Name, Location, Budget_Allocation, Current_Budget, Email, Region, Timestamp) VALUES ('DPT053', 'Engineering Wing 53', 'Pune', 270117663.11, 220767869.74, 'engineeringwing53@gov.in', 'South', '2025-09-10 17:43:47');
INSERT INTO DEPARTMENT (Dept_ID, Name, Location, Budget_Allocation, Current_Budget, Email, Region, Timestamp) VALUES ('DPT054', 'Cyber Command 54', 'Visakhapatnam', 484018197.32, 455447430.88, 'cybercommand54@gov.in', 'East', '2025-09-10 17:43:47');
INSERT INTO DEPARTMENT (Dept_ID, Name, Location, Budget_Allocation, Current_Budget, Email, Region, Timestamp) VALUES ('DPT055', 'Air Command 55', 'Visakhapatnam', 481817713.51, 468253868.88, 'aircommand55@gov.in', 'South', '2025-09-10 17:43:47');
INSERT INTO DEPARTMENT (Dept_ID, Name, Location, Budget_Allocation, Current_Budget, Email, Region, Timestamp) VALUES ('DPT056', 'Research Lab 56', 'Pune', 54248409.03, 49967400.6, 'researchlab56@gov.in', 'East', '2025-09-10 17:43:47');
INSERT INTO DEPARTMENT (Dept_ID, Name, Location, Budget_Allocation, Current_Budget, Email, Region, Timestamp) VALUES ('DPT057', 'Engineering Wing 57', 'Bengaluru', 232845153.59, 201512188.01, 'engineeringwing57@gov.in', 'East', '2025-09-10 17:43:47');
INSERT INTO DEPARTMENT (Dept_ID, Name, Location, Budget_Allocation, Current_Budget, Email, Region, Timestamp) VALUES ('DPT058', 'Maintenance Unit 58', 'Hyderabad', 412984477.6, 335319286.46000004, 'maintenanceunit58@gov.in', 'North', '2025-09-10 17:43:47');
INSERT INTO DEPARTMENT (Dept_ID, Name, Location, Budget_Allocation, Current_Budget, Email, Region, Timestamp) VALUES ('DPT059', 'Logistics Corps 59', 'Visakhapatnam', 22262078.33, 18325097.25, 'logisticscorps59@gov.in', 'Central', '2025-09-10 17:43:47');
INSERT INTO DEPARTMENT (Dept_ID, Name, Location, Budget_Allocation, Current_Budget, Email, Region, Timestamp) VALUES ('DPT060', 'Medical Corps 60', 'Kolkata', 327349666.51, 285749814.09, 'medicalcorps60@gov.in', 'West', '2025-09-10 17:43:47');
INSERT INTO DEPARTMENT (Dept_ID, Name, Location, Budget_Allocation, Current_Budget, Email, Region, Timestamp) VALUES ('DPT061', 'Cyber Command 61', 'Hyderabad', 67171209.0, 66562008.98, 'cybercommand61@gov.in', 'North', '2025-09-10 17:43:47');
INSERT INTO DEPARTMENT (Dept_ID, Name, Location, Budget_Allocation, Current_Budget, Email, Region, Timestamp) VALUES ('DPT062', 'Cyber Command 62', 'Visakhapatnam', 66899035.56, 63757456.42, 'cybercommand62@gov.in', 'Central', '2025-09-10 17:43:47');
INSERT INTO DEPARTMENT (Dept_ID, Name, Location, Budget_Allocation, Current_Budget, Email, Region, Timestamp) VALUES ('DPT063', 'Naval Fleet 63', 'Hyderabad', 232285440.88, 201136603.49, 'navalfleet63@gov.in', 'Central', '2025-09-10 17:43:47');
INSERT INTO DEPARTMENT (Dept_ID, Name, Location, Budget_Allocation, Current_Budget, Email, Region, Timestamp) VALUES ('DPT064', 'Research Lab 64', 'Mumbai', 443852754.11, 385714976.52, 'researchlab64@gov.in', 'West', '2025-09-10 17:43:47');
INSERT INTO DEPARTMENT (Dept_ID, Name, Location, Budget_Allocation, Current_Budget, Email, Region, Timestamp) VALUES ('DPT065', 'Maintenance Unit 65', 'Hyderabad', 470136002.2, 443832819.98, 'maintenanceunit65@gov.in', 'East', '2025-09-10 17:43:47');
INSERT INTO DEPARTMENT (Dept_ID, Name, Location, Budget_Allocation, Current_Budget, Email, Region, Timestamp) VALUES ('DPT066', 'Logistics Corps 66', 'Visakhapatnam', 227900971.29, 217138911.37, 'logisticscorps66@gov.in', 'East', '2025-09-10 17:43:47');
INSERT INTO DEPARTMENT (Dept_ID, Name, Location, Budget_Allocation, Current_Budget, Email, Region, Timestamp) VALUES ('DPT067', 'Air Command 67', 'Pune', 276788272.13, 222657203.3, 'aircommand67@gov.in', 'East', '2025-09-10 17:43:47');
INSERT INTO DEPARTMENT (Dept_ID, Name, Location, Budget_Allocation, Current_Budget, Email, Region, Timestamp) VALUES ('DPT068', 'Army Division 68', 'Hyderabad', 145181906.02, 117068682.09, 'armydivision68@gov.in', 'West', '2025-09-10 17:43:47');
INSERT INTO DEPARTMENT (Dept_ID, Name, Location, Budget_Allocation, Current_Budget, Email, Region, Timestamp) VALUES ('DPT069', 'Air Command 69', 'Kolkata', 324435188.94, 285688156.5, 'aircommand69@gov.in', 'North', '2025-09-10 17:43:47');
INSERT INTO DEPARTMENT (Dept_ID, Name, Location, Budget_Allocation, Current_Budget, Email, Region, Timestamp) VALUES ('DPT070', 'Army Division 70', 'Pune', 129348759.61, 126091139.94, 'armydivision70@gov.in', 'Central', '2025-09-10 17:43:47');
INSERT INTO DEPARTMENT (Dept_ID, Name, Location, Budget_Allocation, Current_Budget, Email, Region, Timestamp) VALUES ('DPT071', 'Logistics Corps 71', 'Bengaluru', 416610740.24, 370432956.84000003, 'logisticscorps71@gov.in', 'Central', '2025-09-10 17:43:47');
INSERT INTO DEPARTMENT (Dept_ID, Name, Location, Budget_Allocation, Current_Budget, Email, Region, Timestamp) VALUES ('DPT072', 'Logistics Corps 72', 'Kolkata', 170994181.18, 165947999.94, 'logisticscorps72@gov.in', 'Central', '2025-09-10 17:43:47');
INSERT INTO DEPARTMENT (Dept_ID, Name, Location, Budget_Allocation, Current_Budget, Email, Region, Timestamp) VALUES ('DPT073', 'Army Division 73', 'Chennai', 430619001.93, 418157923.19, 'armydivision73@gov.in', 'South', '2025-09-10 17:43:47');
INSERT INTO DEPARTMENT (Dept_ID, Name, Location, Budget_Allocation, Current_Budget, Email, Region, Timestamp) VALUES ('DPT074', 'Engineering Wing 74', 'Chennai', 401271773.54, 392449705.42, 'engineeringwing74@gov.in', 'North', '2025-09-10 17:43:47');
INSERT INTO DEPARTMENT (Dept_ID, Name, Location, Budget_Allocation, Current_Budget, Email, Region, Timestamp) VALUES ('DPT075', 'Naval Fleet 75', 'New Delhi', 185538716.82, 156281801.78, 'navalfleet75@gov.in', 'Central', '2025-09-10 17:43:47');
INSERT INTO DEPARTMENT (Dept_ID, Name, Location, Budget_Allocation, Current_Budget, Email, Region, Timestamp) VALUES ('DPT076', 'Medical Corps 76', 'New Delhi', 95380638.69, 94381068.33, 'medicalcorps76@gov.in', 'West', '2025-09-10 17:43:47');
INSERT INTO DEPARTMENT (Dept_ID, Name, Location, Budget_Allocation, Current_Budget, Email, Region, Timestamp) VALUES ('DPT077', 'Engineering Wing 77', 'Bengaluru', 375375984.77, 339621725.12, 'engineeringwing77@gov.in', 'East', '2025-09-10 17:43:47');
INSERT INTO DEPARTMENT (Dept_ID, Name, Location, Budget_Allocation, Current_Budget, Email, Region, Timestamp) VALUES ('DPT078', 'Engineering Wing 78', 'Bengaluru', 231482655.76, 221225670.56, 'engineeringwing78@gov.in', 'Central', '2025-09-10 17:43:47');
INSERT INTO DEPARTMENT (Dept_ID, Name, Location, Budget_Allocation, Current_Budget, Email, Region, Timestamp) VALUES ('DPT079', 'Army Division 79', 'Chennai', 234440835.83, 189239415.0, 'armydivision79@gov.in', 'North', '2025-09-10 17:43:47');
INSERT INTO DEPARTMENT (Dept_ID, Name, Location, Budget_Allocation, Current_Budget, Email, Region, Timestamp) VALUES ('DPT080', 'Field Ops Unit 80', 'Hyderabad', 218874073.45, 214148064.35999998, 'fieldopsunit80@gov.in', 'West', '2025-09-10 17:43:47');
INSERT INTO VENDOR (Vendor_ID, Company, Category, Country, Email, Phone, Blacklisted, Contract_Expiry_Date) VALUES ('VEN001', 'Bharat Dynamics Ltd', 'Ammunition', 'India', 'contact@bharatdynamicsltd.com', '+91-9000000001', 0, '2026-04-13');
INSERT INTO VENDOR (Vendor_ID, Company, Category, Country, Email, Phone, Blacklisted, Contract_Expiry_Date) VALUES ('VEN002', 'Hindustan Aeronautics Ltd', 'Vehicles', 'India', 'contact@hindustanaeronauticsltd.com', '+91-9000000002', 0, '2028-09-30');
INSERT INTO VENDOR (Vendor_ID, Company, Category, Country, Email, Phone, Blacklisted, Contract_Expiry_Date) VALUES ('VEN003', 'DRDO Production Agency', 'IT & Communication', 'India', 'contact@drdoproductionagency.com', '+91-9000000003', 0, '2027-02-24');
INSERT INTO VENDOR (Vendor_ID, Company, Category, Country, Email, Phone, Blacklisted, Contract_Expiry_Date) VALUES ('VEN004', 'Tata Advanced Systems', 'Vehicles', 'India', 'contact@tataadvancedsystems.com', '+91-9000000004', 0, '2032-02-12');
INSERT INTO VENDOR (Vendor_ID, Company, Category, Country, Email, Phone, Blacklisted, Contract_Expiry_Date) VALUES ('VEN005', 'Mahindra Defence', 'Vehicles', 'India', 'contact@mahindradefence.com', '+91-9000000005', 0, '2030-09-25');
INSERT INTO VENDOR (Vendor_ID, Company, Category, Country, Email, Phone, Blacklisted, Contract_Expiry_Date) VALUES ('VEN006', 'Reliance Defence', 'IT & Communication', 'India', 'contact@reliancedefence.com', '+91-9000000006', 1, '2027-01-19');
INSERT INTO VENDOR (Vendor_ID, Company, Category, Country, Email, Phone, Blacklisted, Contract_Expiry_Date) VALUES ('VEN007', 'Rafael Advanced Defense Systems', 'Vehicles', 'Israel', 'contact@rafaeladvanceddefensesystems.com', '+91-9000000007', 0, '2031-09-01');
INSERT INTO VENDOR (Vendor_ID, Company, Category, Country, Email, Phone, Blacklisted, Contract_Expiry_Date) VALUES ('VEN008', 'Lockheed Martin', 'Vehicles', 'USA', 'contact@lockheedmartin.com', '+91-9000000008', 0, '2032-04-17');
INSERT INTO VENDOR (Vendor_ID, Company, Category, Country, Email, Phone, Blacklisted, Contract_Expiry_Date) VALUES ('VEN009', 'Dassault Aviation', 'Vehicles', 'France', 'contact@dassaultaviation.com', '+91-9000000009', 0, '2032-02-11');
INSERT INTO VENDOR (Vendor_ID, Company, Category, Country, Email, Phone, Blacklisted, Contract_Expiry_Date) VALUES ('VEN010', 'BAE Systems', 'Cybersecurity', 'UK', 'contact@baesystems.com', '+91-9000000010', 0, '2031-01-14');
INSERT INTO VENDOR (Vendor_ID, Company, Category, Country, Email, Phone, Blacklisted, Contract_Expiry_Date) VALUES ('VEN011', 'Thales Group', 'IT & Communication', 'France', 'contact@thalesgroup.com', '+91-9000000011', 0, '2026-01-27');
INSERT INTO VENDOR (Vendor_ID, Company, Category, Country, Email, Phone, Blacklisted, Contract_Expiry_Date) VALUES ('VEN012', 'Siemens Healthineers', 'Medical', 'Germany', 'contact@siemenshealthineers.com', '+91-9000000012', 0, '2027-10-16');
INSERT INTO VENDOR (Vendor_ID, Company, Category, Country, Email, Phone, Blacklisted, Contract_Expiry_Date) VALUES ('VEN013', 'Rosoboronexport', 'Vehicles', 'Russia', 'contact@rosoboronexport.com', '+91-9000000013', 0, '2029-10-25');
INSERT INTO VENDOR (Vendor_ID, Company, Category, Country, Email, Phone, Blacklisted, Contract_Expiry_Date) VALUES ('VEN014', 'General Dynamics', 'Vehicles', 'USA', 'contact@generaldynamics.com', '+91-9000000014', 0, '2028-05-31');
INSERT INTO VENDOR (Vendor_ID, Company, Category, Country, Email, Phone, Blacklisted, Contract_Expiry_Date) VALUES ('VEN015', 'Northrop Grumman', 'Cybersecurity', 'USA', 'contact@northropgrumman.com', '+91-9000000015', 0, '2029-10-10');
INSERT INTO VENDOR (Vendor_ID, Company, Category, Country, Email, Phone, Blacklisted, Contract_Expiry_Date) VALUES ('VEN016', 'ShieldGuard Technologies', 'Vehicles', 'UK', 'sales@shieldguardtechnologies.com', '+49-9592983555', 0, '2025-06-27');
INSERT INTO VENDOR (Vendor_ID, Company, Category, Country, Email, Phone, Blacklisted, Contract_Expiry_Date) VALUES ('VEN017', 'Gamma Healthcare Ltd', 'Cybersecurity', 'USA', 'sales@gammahealthcareltd.com', '+972-8259191105', 0, '2031-12-09');
INSERT INTO VENDOR (Vendor_ID, Company, Category, Country, Email, Phone, Blacklisted, Contract_Expiry_Date) VALUES ('VEN018', 'Aurora Medical Ltd', 'Medical', 'USA', 'sales@auroramedicalltd.com', '+91-9840104345', 0, '2028-03-31');
INSERT INTO VENDOR (Vendor_ID, Company, Category, Country, Email, Phone, Blacklisted, Contract_Expiry_Date) VALUES ('VEN019', 'Frontline Electronics Ltd', 'Others', 'USA', 'sales@frontlineelectronicsltd.com', '+33-8193887545', 0, '2029-02-03');
INSERT INTO VENDOR (Vendor_ID, Company, Category, Country, Email, Phone, Blacklisted, Contract_Expiry_Date) VALUES ('VEN020', 'Armory Manufacturing', 'Ammunition', 'Israel', 'sales@armorymanufacturing.com', '+91-9616197747', 0, '2030-12-28');
INSERT INTO VENDOR (Vendor_ID, Company, Category, Country, Email, Phone, Blacklisted, Contract_Expiry_Date) VALUES ('VEN021', 'Vertex Robotics', 'Cybersecurity', 'Israel', 'sales@vertexrobotics.com', '+972-7943239974', 0, '2025-08-18');
INSERT INTO VENDOR (Vendor_ID, Company, Category, Country, Email, Phone, Blacklisted, Contract_Expiry_Date) VALUES ('VEN022', 'Sentinel Surveillance Ltd', 'Others', 'UK', 'sales@sentinelsurveillanceltd.com', '+33-8149938334', 0, '2031-05-13');
INSERT INTO VENDOR (Vendor_ID, Company, Category, Country, Email, Phone, Blacklisted, Contract_Expiry_Date) VALUES ('VEN023', 'Pioneer Manufacturing', 'Cybersecurity', 'Italy', 'sales@pioneermanufacturing.com', '+33-7613628803', 0, '2027-10-08');
INSERT INTO VENDOR (Vendor_ID, Company, Category, Country, Email, Phone, Blacklisted, Contract_Expiry_Date) VALUES ('VEN024', 'Monarch Ships Ltd', 'Medical', 'Italy', 'sales@monarchshipsltd.com', '+972-8715412119', 0, '2026-07-21');
INSERT INTO VENDOR (Vendor_ID, Company, Category, Country, Email, Phone, Blacklisted, Contract_Expiry_Date) VALUES ('VEN025', 'Jupiter Logistics', 'Others', 'India', 'sales@jupiterlogistics.com', '+91-7656448479', 0, '2032-08-19');
INSERT INTO VENDOR (Vendor_ID, Company, Category, Country, Email, Phone, Blacklisted, Contract_Expiry_Date) VALUES ('VEN026', 'EagleEye Systems Ltd', 'Cybersecurity', 'Italy', 'sales@eagleeyesystemsltd.com', '+972-9010258946', 0, '2031-03-17');
INSERT INTO VENDOR (Vendor_ID, Company, Category, Country, Email, Phone, Blacklisted, Contract_Expiry_Date) VALUES ('VEN027', 'IndoSecure Systems Ltd', 'Vehicles', 'Japan', 'sales@indosecuresystemsltd.com', '+49-9752909971', 0, '2028-04-17');
INSERT INTO VENDOR (Vendor_ID, Company, Category, Country, Email, Phone, Blacklisted, Contract_Expiry_Date) VALUES ('VEN028', 'EagleEye Systems', 'Vehicles', 'Israel', 'sales@eagleeyesystems.com', '+972-7767303988', 0, '2026-03-12');
INSERT INTO VENDOR (Vendor_ID, Company, Category, Country, Email, Phone, Blacklisted, Contract_Expiry_Date) VALUES ('VEN029', 'Cobalt Defense Ltd', 'Uniforms & Gear', 'France', 'sales@cobaltdefenseltd.com', '+1-8605947756', 0, '2031-01-19');
INSERT INTO VENDOR (Vendor_ID, Company, Category, Country, Email, Phone, Blacklisted, Contract_Expiry_Date) VALUES ('VEN030', 'Kodiak Armaments Ltd', 'Uniforms & Gear', 'UK', 'sales@kodiakarmamentsltd.com', '+33-7083651970', 0, '2029-01-26');
INSERT INTO VENDOR (Vendor_ID, Company, Category, Country, Email, Phone, Blacklisted, Contract_Expiry_Date) VALUES ('VEN031', 'Cobalt Defense', 'Ammunition', 'USA', 'sales@cobaltdefense.com', '+91-9087313121', 0, '2030-12-22');
INSERT INTO VENDOR (Vendor_ID, Company, Category, Country, Email, Phone, Blacklisted, Contract_Expiry_Date) VALUES ('VEN032', 'Orbit Communications', 'Cybersecurity', 'Japan', 'sales@orbitcommunications.com', '+1-8138409539', 0, '2031-10-21');
INSERT INTO VENDOR (Vendor_ID, Company, Category, Country, Email, Phone, Blacklisted, Contract_Expiry_Date) VALUES ('VEN033', 'EagleEye Systems Ltd', 'Uniforms & Gear', 'France', 'sales@eagleeyesystemsltd.com', '+49-8713658874', 0, '2032-04-15');
INSERT INTO VENDOR (Vendor_ID, Company, Category, Country, Email, Phone, Blacklisted, Contract_Expiry_Date) VALUES ('VEN034', 'Aurora Medical', 'Uniforms & Gear', 'South Korea', 'sales@auroramedical.com', '+91-8064746525', 0, '2028-10-16');
INSERT INTO VENDOR (Vendor_ID, Company, Category, Country, Email, Phone, Blacklisted, Contract_Expiry_Date) VALUES ('VEN035', 'AeroTech Solutions Ltd', 'Ammunition', 'France', 'sales@aerotechsolutionsltd.com', '+91-7304912982', 0, '2025-08-30');
INSERT INTO VENDOR (Vendor_ID, Company, Category, Country, Email, Phone, Blacklisted, Contract_Expiry_Date) VALUES ('VEN036', 'Sentinel Surveillance', 'Vehicles', 'UK', 'sales@sentinelsurveillance.com', '+91-9208283728', 0, '2032-07-03');
INSERT INTO VENDOR (Vendor_ID, Company, Category, Country, Email, Phone, Blacklisted, Contract_Expiry_Date) VALUES ('VEN037', 'Ionix Communications', 'Ammunition', 'South Korea', 'sales@ionixcommunications.com', '+1-9031403296', 0, '2027-02-19');
INSERT INTO VENDOR (Vendor_ID, Company, Category, Country, Email, Phone, Blacklisted, Contract_Expiry_Date) VALUES ('VEN038', 'ShieldGuard Technologies', 'Cybersecurity', 'UK', 'sales@shieldguardtechnologies.com', '+33-8765670844', 0, '2025-08-10');
INSERT INTO VENDOR (Vendor_ID, Company, Category, Country, Email, Phone, Blacklisted, Contract_Expiry_Date) VALUES ('VEN039', 'ShieldGuard Technologies', 'Medical', 'UK', 'sales@shieldguardtechnologies.com', '+91-8067970820', 0, '2031-01-06');
INSERT INTO VENDOR (Vendor_ID, Company, Category, Country, Email, Phone, Blacklisted, Contract_Expiry_Date) VALUES ('VEN040', 'Falcon Electronics', 'Ammunition', 'Israel', 'sales@falconelectronics.com', '+33-8072910527', 0, '2025-11-05');
INSERT INTO VENDOR (Vendor_ID, Company, Category, Country, Email, Phone, Blacklisted, Contract_Expiry_Date) VALUES ('VEN041', 'Falcon Electronics Ltd', 'Others', 'Japan', 'sales@falconelectronicsltd.com', '+91-7217275224', 0, '2031-01-24');
INSERT INTO VENDOR (Vendor_ID, Company, Category, Country, Email, Phone, Blacklisted, Contract_Expiry_Date) VALUES ('VEN042', 'IndoSecure Systems Ltd', 'Others', 'France', 'sales@indosecuresystemsltd.com', '+1-8745535098', 0, '2027-05-26');
INSERT INTO VENDOR (Vendor_ID, Company, Category, Country, Email, Phone, Blacklisted, Contract_Expiry_Date) VALUES ('VEN043', 'Catalyst Defense Ltd', 'Ammunition', 'Italy', 'sales@catalystdefenseltd.com', '+91-8676848676', 0, '2030-02-07');
INSERT INTO VENDOR (Vendor_ID, Company, Category, Country, Email, Phone, Blacklisted, Contract_Expiry_Date) VALUES ('VEN044', 'Zenith Systems', 'Medical', 'Japan', 'sales@zenithsystems.com', '+33-7664847319', 0, '2027-06-11');
INSERT INTO VENDOR (Vendor_ID, Company, Category, Country, Email, Phone, Blacklisted, Contract_Expiry_Date) VALUES ('VEN045', 'Precision Ordnance Pvt Ltd Ltd', 'Uniforms & Gear', 'India', 'sales@precisionordnancepvtltdltd.com', '+49-7245522987', 0, '2030-05-07');
INSERT INTO VENDOR (Vendor_ID, Company, Category, Country, Email, Phone, Blacklisted, Contract_Expiry_Date) VALUES ('VEN046', 'Jupiter Logistics Ltd', 'Uniforms & Gear', 'Germany', 'sales@jupiterlogisticsltd.com', '+91-9181106786', 0, '2027-02-01');
INSERT INTO VENDOR (Vendor_ID, Company, Category, Country, Email, Phone, Blacklisted, Contract_Expiry_Date) VALUES ('VEN047', 'Global Defense Logistics Ltd', 'Medical', 'France', 'sales@globaldefenselogisticsltd.com', '+33-7514909066', 0, '2031-05-23');
INSERT INTO VENDOR (Vendor_ID, Company, Category, Country, Email, Phone, Blacklisted, Contract_Expiry_Date) VALUES ('VEN048', 'Vertex Robotics Ltd', 'Vehicles', 'USA', 'sales@vertexroboticsltd.com', '+33-9823396242', 0, '2030-11-12');
INSERT INTO VENDOR (Vendor_ID, Company, Category, Country, Email, Phone, Blacklisted, Contract_Expiry_Date) VALUES ('VEN049', 'Pioneer Manufacturing Ltd', 'Ammunition', 'UK', 'sales@pioneermanufacturingltd.com', '+1-8140805649', 0, '2032-07-14');
INSERT INTO VENDOR (Vendor_ID, Company, Category, Country, Email, Phone, Blacklisted, Contract_Expiry_Date) VALUES ('VEN050', 'Cobalt Defense', 'Others', 'USA', 'sales@cobaltdefense.com', '+91-8968321319', 0, '2031-04-26');
INSERT INTO VENDOR (Vendor_ID, Company, Category, Country, Email, Phone, Blacklisted, Contract_Expiry_Date) VALUES ('VEN051', 'ShieldGuard Technologies', 'Ammunition', 'Japan', 'sales@shieldguardtechnologies.com', '+49-7568896616', 0, '2025-10-09');
INSERT INTO VENDOR (Vendor_ID, Company, Category, Country, Email, Phone, Blacklisted, Contract_Expiry_Date) VALUES ('VEN052', 'Vertex Robotics', 'Ammunition', 'South Korea', 'sales@vertexrobotics.com', '+972-8299301222', 0, '2032-05-02');
INSERT INTO VENDOR (Vendor_ID, Company, Category, Country, Email, Phone, Blacklisted, Contract_Expiry_Date) VALUES ('VEN053', 'Kodiak Armaments', 'Others', 'Japan', 'sales@kodiakarmaments.com', '+49-9849232839', 0, '2026-07-05');
INSERT INTO VENDOR (Vendor_ID, Company, Category, Country, Email, Phone, Blacklisted, Contract_Expiry_Date) VALUES ('VEN054', 'Fortress Gear', 'Vehicles', 'Japan', 'sales@fortressgear.com', '+1-8169726681', 0, '2027-05-13');
INSERT INTO VENDOR (Vendor_ID, Company, Category, Country, Email, Phone, Blacklisted, Contract_Expiry_Date) VALUES ('VEN055', 'Summit Defense Solutions', 'Medical', 'Israel', 'sales@summitdefensesolutions.com', '+972-9098228320', 0, '2025-07-28');
INSERT INTO VENDOR (Vendor_ID, Company, Category, Country, Email, Phone, Blacklisted, Contract_Expiry_Date) VALUES ('VEN056', 'Frontline Electronics Ltd', 'Others', 'Israel', 'sales@frontlineelectronicsltd.com', '+91-7015228622', 0, '2026-06-20');
INSERT INTO VENDOR (Vendor_ID, Company, Category, Country, Email, Phone, Blacklisted, Contract_Expiry_Date) VALUES ('VEN057', 'Fortress Gear', 'Cybersecurity', 'Japan', 'sales@fortressgear.com', '+33-9409076656', 1, '2025-11-05');
INSERT INTO VENDOR (Vendor_ID, Company, Category, Country, Email, Phone, Blacklisted, Contract_Expiry_Date) VALUES ('VEN058', 'Medicore Instruments Ltd', 'Others', 'UK', 'sales@medicoreinstrumentsltd.com', '+972-9373077218', 0, '2026-06-07');
INSERT INTO VENDOR (Vendor_ID, Company, Category, Country, Email, Phone, Blacklisted, Contract_Expiry_Date) VALUES ('VEN059', 'Naval Instruments Co', 'Others', 'India', 'sales@navalinstrumentsco.com', '+49-7902271852', 0, '2032-06-24');
INSERT INTO VENDOR (Vendor_ID, Company, Category, Country, Email, Phone, Blacklisted, Contract_Expiry_Date) VALUES ('VEN060', 'ShieldGuard Technologies', 'Uniforms & Gear', 'Italy', 'sales@shieldguardtechnologies.com', '+972-7663801533', 0, '2027-08-28');
INSERT INTO VENDOR (Vendor_ID, Company, Category, Country, Email, Phone, Blacklisted, Contract_Expiry_Date) VALUES ('VEN061', 'Armory Manufacturing Ltd', 'Others', 'Germany', 'sales@armorymanufacturingltd.com', '+33-7106456634', 0, '2028-09-22');
INSERT INTO VENDOR (Vendor_ID, Company, Category, Country, Email, Phone, Blacklisted, Contract_Expiry_Date) VALUES ('VEN062', 'Delta Dynamics Ltd', 'Others', 'France', 'sales@deltadynamicsltd.com', '+49-7683749521', 0, '2026-03-19');
INSERT INTO VENDOR (Vendor_ID, Company, Category, Country, Email, Phone, Blacklisted, Contract_Expiry_Date) VALUES ('VEN063', 'Boreal Instruments Ltd', 'Others', 'South Korea', 'sales@borealinstrumentsltd.com', '+1-7857158768', 0, '2030-03-01');
INSERT INTO VENDOR (Vendor_ID, Company, Category, Country, Email, Phone, Blacklisted, Contract_Expiry_Date) VALUES ('VEN064', 'Quantum Sensors', 'Others', 'France', 'sales@quantumsensors.com', '+1-7101637979', 0, '2029-06-21');
INSERT INTO VENDOR (Vendor_ID, Company, Category, Country, Email, Phone, Blacklisted, Contract_Expiry_Date) VALUES ('VEN065', 'Summit Defense Solutions', 'Vehicles', 'Israel', 'sales@summitdefensesolutions.com', '+49-9755143093', 0, '2032-08-15');
INSERT INTO VENDOR (Vendor_ID, Company, Category, Country, Email, Phone, Blacklisted, Contract_Expiry_Date) VALUES ('VEN066', 'Lumen Security', 'Vehicles', 'USA', 'sales@lumensecurity.com', '+49-7766942939', 0, '2027-12-24');
INSERT INTO VENDOR (Vendor_ID, Company, Category, Country, Email, Phone, Blacklisted, Contract_Expiry_Date) VALUES ('VEN067', 'Naval Instruments Co', 'Cybersecurity', 'UK', 'sales@navalinstrumentsco.com', '+49-8874297457', 0, '2030-09-26');
INSERT INTO VENDOR (Vendor_ID, Company, Category, Country, Email, Phone, Blacklisted, Contract_Expiry_Date) VALUES ('VEN068', 'Aegis Cyber Labs', 'Uniforms & Gear', 'France', 'sales@aegiscyberlabs.com', '+49-7190638698', 0, '2025-01-07');
INSERT INTO VENDOR (Vendor_ID, Company, Category, Country, Email, Phone, Blacklisted, Contract_Expiry_Date) VALUES ('VEN069', 'Kodiak Armaments Ltd', 'Uniforms & Gear', 'France', 'sales@kodiakarmamentsltd.com', '+49-8852408227', 0, '2032-06-13');
INSERT INTO VENDOR (Vendor_ID, Company, Category, Country, Email, Phone, Blacklisted, Contract_Expiry_Date) VALUES ('VEN070', 'Summit Defense Solutions Ltd', 'Medical', 'USA', 'sales@summitdefensesolutionsltd.com', '+49-9178074590', 0, '2029-07-31');
INSERT INTO VENDOR (Vendor_ID, Company, Category, Country, Email, Phone, Blacklisted, Contract_Expiry_Date) VALUES ('VEN071', 'Pioneer Manufacturing', 'IT & Communication', 'Japan', 'sales@pioneermanufacturing.com', '+1-7823946934', 0, '2029-04-02');
INSERT INTO VENDOR (Vendor_ID, Company, Category, Country, Email, Phone, Blacklisted, Contract_Expiry_Date) VALUES ('VEN072', 'Skyline Avionics Ltd', 'IT & Communication', 'Italy', 'sales@skylineavionicsltd.com', '+972-7001743499', 0, '2027-05-11');
INSERT INTO VENDOR (Vendor_ID, Company, Category, Country, Email, Phone, Blacklisted, Contract_Expiry_Date) VALUES ('VEN073', 'EagleEye Systems Ltd', 'Uniforms & Gear', 'UK', 'sales@eagleeyesystemsltd.com', '+33-8897456484', 0, '2027-05-26');
INSERT INTO VENDOR (Vendor_ID, Company, Category, Country, Email, Phone, Blacklisted, Contract_Expiry_Date) VALUES ('VEN074', 'Jupiter Logistics', 'Others', 'Germany', 'sales@jupiterlogistics.com', '+91-8218853328', 0, '2032-02-06');
INSERT INTO VENDOR (Vendor_ID, Company, Category, Country, Email, Phone, Blacklisted, Contract_Expiry_Date) VALUES ('VEN075', 'Quanta Labs', 'Others', 'France', 'sales@quantalabs.com', '+49-7964824319', 0, '2026-08-27');
INSERT INTO VENDOR (Vendor_ID, Company, Category, Country, Email, Phone, Blacklisted, Contract_Expiry_Date) VALUES ('VEN076', 'AeroTech Solutions', 'Cybersecurity', 'USA', 'sales@aerotechsolutions.com', '+33-8780010572', 0, '2031-06-16');
INSERT INTO VENDOR (Vendor_ID, Company, Category, Country, Email, Phone, Blacklisted, Contract_Expiry_Date) VALUES ('VEN077', 'HarborShipyards Ltd', 'Cybersecurity', 'South Korea', 'sales@harborshipyardsltd.com', '+33-8047905204', 0, '2032-09-17');
INSERT INTO VENDOR (Vendor_ID, Company, Category, Country, Email, Phone, Blacklisted, Contract_Expiry_Date) VALUES ('VEN078', 'IndoSecure Systems Ltd', 'Others', 'USA', 'sales@indosecuresystemsltd.com', '+33-7939915527', 0, '2032-10-21');
INSERT INTO VENDOR (Vendor_ID, Company, Category, Country, Email, Phone, Blacklisted, Contract_Expiry_Date) VALUES ('VEN079', 'Kodiak Armaments', 'Uniforms & Gear', 'France', 'sales@kodiakarmaments.com', '+91-8960488639', 0, '2030-03-19');
INSERT INTO VENDOR (Vendor_ID, Company, Category, Country, Email, Phone, Blacklisted, Contract_Expiry_Date) VALUES ('VEN080', 'Kodiak Armaments Ltd', 'Uniforms & Gear', 'UK', 'sales@kodiakarmamentsltd.com', '+33-9631321682', 0, '2030-08-30');
INSERT INTO PRODUCT (Item_ID, Name, Category, Unit_Cost, Manufacturer, Country_of_Origin, Imported, Stock_Available, Vendor_ID) VALUES ('PRO0001', 'Firewalls Model-429', 'Firewalls', 1216673.19, 'Independent Manufacturer', 'UK', 1, 9590, 'VEN010');
INSERT INTO PRODUCT (Item_ID, Name, Category, Unit_Cost, Manufacturer, Country_of_Origin, Imported, Stock_Available, Vendor_ID) VALUES ('PRO0002', 'Secure Routers Model-490', 'Secure Routers', 1989256.59, 'Pioneer Manufacturing', 'Japan', 1, 7433, 'VEN071');
INSERT INTO PRODUCT (Item_ID, Name, Category, Unit_Cost, Manufacturer, Country_of_Origin, Imported, Stock_Available, Vendor_ID) VALUES ('PRO0003', 'Drones Model-540', 'Drones', 4959373.49, 'Summit Defense Solutions', 'Israel', 1, 9033, 'VEN065');
INSERT INTO PRODUCT (Item_ID, Name, Category, Unit_Cost, Manufacturer, Country_of_Origin, Imported, Stock_Available, Vendor_ID) VALUES ('PRO0004', 'Submarines Model-562', 'Submarines', 44404607.05, 'EagleEye Systems', 'Israel', 1, 7430, 'VEN028');
INSERT INTO PRODUCT (Item_ID, Name, Category, Unit_Cost, Manufacturer, Country_of_Origin, Imported, Stock_Available, Vendor_ID) VALUES ('PRO0005', 'Air-defence systems Model-847', 'Air-defence systems', 4754744.42, 'Vertex Robotics', 'South Korea', 1, 4176, 'VEN052');
INSERT INTO PRODUCT (Item_ID, Name, Category, Unit_Cost, Manufacturer, Country_of_Origin, Imported, Stock_Available, Vendor_ID) VALUES ('PRO0006', 'Armored Trucks Model-803', 'Armored Trucks', 46149290.29, 'DRDO Labs', 'USA', 1, 1527, 'VEN048');
INSERT INTO PRODUCT (Item_ID, Name, Category, Unit_Cost, Manufacturer, Country_of_Origin, Imported, Stock_Available, Vendor_ID) VALUES ('PRO0007', 'Miscellaneous Model-862', 'Miscellaneous', 1477644.24, 'Frontline Electronics Ltd', 'Israel', 1, 9115, 'VEN056');
INSERT INTO PRODUCT (Item_ID, Name, Category, Unit_Cost, Manufacturer, Country_of_Origin, Imported, Stock_Available, Vendor_ID) VALUES ('PRO0008', 'Drones Model-675', 'Drones', 28084388.24, 'Lockheed Martin', 'USA', 1, 6730, 'VEN008');
INSERT INTO PRODUCT (Item_ID, Name, Category, Unit_Cost, Manufacturer, Country_of_Origin, Imported, Stock_Available, Vendor_ID) VALUES ('PRO0009', 'Boots Model-988', 'Boots', 1831704.17, 'Independent Manufacturer', 'Germany', 1, 9837, 'VEN046');
INSERT INTO PRODUCT (Item_ID, Name, Category, Unit_Cost, Manufacturer, Country_of_Origin, Imported, Stock_Available, Vendor_ID) VALUES ('PRO0010', 'Artillery System Model-206', 'Artillery System', 28896136.96, 'Falcon Electronics', 'Israel', 1, 7900, 'VEN040');
INSERT INTO PRODUCT (Item_ID, Name, Category, Unit_Cost, Manufacturer, Country_of_Origin, Imported, Stock_Available, Vendor_ID) VALUES ('PRO0011', 'Helmets Model-458', 'Helmets', 1690777.76, 'Cobalt Defense Ltd', 'France', 1, 4564, 'VEN029');
INSERT INTO PRODUCT (Item_ID, Name, Category, Unit_Cost, Manufacturer, Country_of_Origin, Imported, Stock_Available, Vendor_ID) VALUES ('PRO0012', 'Miscellaneous Model-926', 'Miscellaneous', 858339.0, 'Jupiter Logistics', 'Germany', 1, 9121, 'VEN074');
INSERT INTO PRODUCT (Item_ID, Name, Category, Unit_Cost, Manufacturer, Country_of_Origin, Imported, Stock_Available, Vendor_ID) VALUES ('PRO0013', 'Drones Model-773', 'Drones', 41473124.77, 'Tata Advanced Systems', 'India', 0, 2955, 'VEN004');
INSERT INTO PRODUCT (Item_ID, Name, Category, Unit_Cost, Manufacturer, Country_of_Origin, Imported, Stock_Available, Vendor_ID) VALUES ('PRO0014', 'Artillery System Model-447', 'Artillery System', 17551495.53, 'DRDO Labs', 'France', 1, 9278, 'VEN035');
INSERT INTO PRODUCT (Item_ID, Name, Category, Unit_Cost, Manufacturer, Country_of_Origin, Imported, Stock_Available, Vendor_ID) VALUES ('PRO0015', 'Rifles Model-245', 'Rifles', 37048582.47, 'Vertex Robotics', 'South Korea', 1, 1503, 'VEN052');
INSERT INTO PRODUCT (Item_ID, Name, Category, Unit_Cost, Manufacturer, Country_of_Origin, Imported, Stock_Available, Vendor_ID) VALUES ('PRO0016', 'Defence suits Model-485', 'Defence suits', 839781.02, 'Aegis Cyber Labs', 'France', 1, 6062, 'VEN068');
INSERT INTO PRODUCT (Item_ID, Name, Category, Unit_Cost, Manufacturer, Country_of_Origin, Imported, Stock_Available, Vendor_ID) VALUES ('PRO0017', 'Artillery System Model-895', 'Artillery System', 47070400.49, 'Falcon Electronics', 'Israel', 1, 861, 'VEN040');
INSERT INTO PRODUCT (Item_ID, Name, Category, Unit_Cost, Manufacturer, Country_of_Origin, Imported, Stock_Available, Vendor_ID) VALUES ('PRO0018', 'Missiles Model-872', 'Missiles', 30892100.18, 'Armory Manufacturing', 'Israel', 1, 4458, 'VEN020');
INSERT INTO PRODUCT (Item_ID, Name, Category, Unit_Cost, Manufacturer, Country_of_Origin, Imported, Stock_Available, Vendor_ID) VALUES ('PRO0019', 'Threat Intelligence Platform Model-597', 'Threat Intelligence Platform', 1214230.6, 'Fortress Gear', 'Japan', 1, 3531, 'VEN057');
INSERT INTO PRODUCT (Item_ID, Name, Category, Unit_Cost, Manufacturer, Country_of_Origin, Imported, Stock_Available, Vendor_ID) VALUES ('PRO0020', 'Tanks Model-453', 'Tanks', 21495966.71, 'Lumen Security', 'USA', 1, 9717, 'VEN066');
INSERT INTO PRODUCT (Item_ID, Name, Category, Unit_Cost, Manufacturer, Country_of_Origin, Imported, Stock_Available, Vendor_ID) VALUES ('PRO0021', 'Miscellaneous Model-146', 'Miscellaneous', 441192.77, 'Boreal Instruments Ltd', 'South Korea', 1, 897, 'VEN063');
INSERT INTO PRODUCT (Item_ID, Name, Category, Unit_Cost, Manufacturer, Country_of_Origin, Imported, Stock_Available, Vendor_ID) VALUES ('PRO0022', 'Missiles Model-408', 'Missiles', 47266231.7, 'Bharat Dynamics Ltd', 'India', 0, 4186, 'VEN001');
INSERT INTO PRODUCT (Item_ID, Name, Category, Unit_Cost, Manufacturer, Country_of_Origin, Imported, Stock_Available, Vendor_ID) VALUES ('PRO0023', 'Data centers Model-222', 'Data centers', 15658.27, 'ShieldGuard Technologies', 'UK', 1, 2878, 'VEN038');
INSERT INTO PRODUCT (Item_ID, Name, Category, Unit_Cost, Manufacturer, Country_of_Origin, Imported, Stock_Available, Vendor_ID) VALUES ('PRO0024', 'Threat Intelligence Platform Model-645', 'Threat Intelligence Platform', 1407401.79, 'Gamma Healthcare Ltd', 'USA', 1, 5802, 'VEN017');
INSERT INTO PRODUCT (Item_ID, Name, Category, Unit_Cost, Manufacturer, Country_of_Origin, Imported, Stock_Available, Vendor_ID) VALUES ('PRO0025', 'Threat Intelligence Platform Model-982', 'Threat Intelligence Platform', 1484134.25, 'BAE Systems', 'UK', 1, 7532, 'VEN010');
INSERT INTO PRODUCT (Item_ID, Name, Category, Unit_Cost, Manufacturer, Country_of_Origin, Imported, Stock_Available, Vendor_ID) VALUES ('PRO0026', 'Data centers Model-689', 'Data centers', 858682.72, 'BAE Systems', 'UK', 1, 6843, 'VEN010');
INSERT INTO PRODUCT (Item_ID, Name, Category, Unit_Cost, Manufacturer, Country_of_Origin, Imported, Stock_Available, Vendor_ID) VALUES ('PRO0027', 'Firewalls Model-514', 'Firewalls', 41908.95, 'ShieldGuard Technologies', 'UK', 1, 7538, 'VEN038');
INSERT INTO PRODUCT (Item_ID, Name, Category, Unit_Cost, Manufacturer, Country_of_Origin, Imported, Stock_Available, Vendor_ID) VALUES ('PRO0028', 'First-aid kits Model-547', 'First-aid kits', 1688999.82, 'Global Defense Logistics Ltd', 'France', 1, 9648, 'VEN047');
INSERT INTO PRODUCT (Item_ID, Name, Category, Unit_Cost, Manufacturer, Country_of_Origin, Imported, Stock_Available, Vendor_ID) VALUES ('PRO0029', 'Rifles Model-505', 'Rifles', 43526285.55, 'Vertex Robotics', 'South Korea', 1, 3630, 'VEN052');
INSERT INTO PRODUCT (Item_ID, Name, Category, Unit_Cost, Manufacturer, Country_of_Origin, Imported, Stock_Available, Vendor_ID) VALUES ('PRO0030', 'Missiles Model-178', 'Missiles', 25524408.99, 'Partner Co.', 'Italy', 1, 3176, 'VEN043');
INSERT INTO PRODUCT (Item_ID, Name, Category, Unit_Cost, Manufacturer, Country_of_Origin, Imported, Stock_Available, Vendor_ID) VALUES ('PRO0031', 'Uniform Model-844', 'Uniform', 1916455.05, 'Precision Ordnance Pvt Ltd Ltd', 'India', 0, 2419, 'VEN045');
INSERT INTO PRODUCT (Item_ID, Name, Category, Unit_Cost, Manufacturer, Country_of_Origin, Imported, Stock_Available, Vendor_ID) VALUES ('PRO0032', 'Rifles Model-249', 'Rifles', 12798783.12, 'DRDO Labs', 'USA', 1, 1234, 'VEN031');
INSERT INTO PRODUCT (Item_ID, Name, Category, Unit_Cost, Manufacturer, Country_of_Origin, Imported, Stock_Available, Vendor_ID) VALUES ('PRO0033', 'Threat Intelligence Platform Model-575', 'Threat Intelligence Platform', 1508940.76, 'Pioneer Manufacturing', 'Italy', 1, 7354, 'VEN023');
INSERT INTO PRODUCT (Item_ID, Name, Category, Unit_Cost, Manufacturer, Country_of_Origin, Imported, Stock_Available, Vendor_ID) VALUES ('PRO0034', 'Uniform Model-984', 'Uniform', 1941951.93, 'EagleEye Systems Ltd', 'UK', 1, 7205, 'VEN073');
INSERT INTO PRODUCT (Item_ID, Name, Category, Unit_Cost, Manufacturer, Country_of_Origin, Imported, Stock_Available, Vendor_ID) VALUES ('PRO0035', 'Submarines Model-552', 'Submarines', 31569440.31, 'Dassault Aviation', 'France', 1, 9689, 'VEN009');
INSERT INTO PRODUCT (Item_ID, Name, Category, Unit_Cost, Manufacturer, Country_of_Origin, Imported, Stock_Available, Vendor_ID) VALUES ('PRO0036', 'Fighter Jets Model-619', 'Fighter Jets', 3709995.71, 'Lockheed Martin', 'USA', 1, 616, 'VEN008');
INSERT INTO PRODUCT (Item_ID, Name, Category, Unit_Cost, Manufacturer, Country_of_Origin, Imported, Stock_Available, Vendor_ID) VALUES ('PRO0037', 'Fighter Jets Model-951', 'Fighter Jets', 14354208.09, 'Lockheed Martin', 'USA', 1, 1479, 'VEN008');
INSERT INTO PRODUCT (Item_ID, Name, Category, Unit_Cost, Manufacturer, Country_of_Origin, Imported, Stock_Available, Vendor_ID) VALUES ('PRO0038', 'Boots Model-573', 'Boots', 1160742.75, 'Kodiak Armaments', 'France', 1, 672, 'VEN079');
INSERT INTO PRODUCT (Item_ID, Name, Category, Unit_Cost, Manufacturer, Country_of_Origin, Imported, Stock_Available, Vendor_ID) VALUES ('PRO0039', 'Miscellaneous Model-429', 'Miscellaneous', 1210090.67, 'Medicore Instruments Ltd', 'UK', 1, 1013, 'VEN058');
INSERT INTO PRODUCT (Item_ID, Name, Category, Unit_Cost, Manufacturer, Country_of_Origin, Imported, Stock_Available, Vendor_ID) VALUES ('PRO0040', 'Miscellaneous Model-930', 'Miscellaneous', 1798273.84, 'Medicore Instruments Ltd', 'UK', 1, 1381, 'VEN058');
INSERT INTO PRODUCT (Item_ID, Name, Category, Unit_Cost, Manufacturer, Country_of_Origin, Imported, Stock_Available, Vendor_ID) VALUES ('PRO0041', 'Transport Aircraft Model-276', 'Transport Aircraft', 1957586.74, 'Summit Defense Solutions', 'Israel', 1, 7199, 'VEN065');
INSERT INTO PRODUCT (Item_ID, Name, Category, Unit_Cost, Manufacturer, Country_of_Origin, Imported, Stock_Available, Vendor_ID) VALUES ('PRO0042', 'Defence suits Model-472', 'Defence suits', 745829.39, 'Aegis Cyber Labs', 'France', 1, 6697, 'VEN068');
INSERT INTO PRODUCT (Item_ID, Name, Category, Unit_Cost, Manufacturer, Country_of_Origin, Imported, Stock_Available, Vendor_ID) VALUES ('PRO0043', 'First-aid kits Model-908', 'First-aid kits', 1261846.97, 'Zenith Systems', 'Japan', 1, 5401, 'VEN044');
INSERT INTO PRODUCT (Item_ID, Name, Category, Unit_Cost, Manufacturer, Country_of_Origin, Imported, Stock_Available, Vendor_ID) VALUES ('PRO0044', 'Drones Model-794', 'Drones', 19328516.95, 'Rosoboronexport', 'Russia', 1, 9874, 'VEN013');
INSERT INTO PRODUCT (Item_ID, Name, Category, Unit_Cost, Manufacturer, Country_of_Origin, Imported, Stock_Available, Vendor_ID) VALUES ('PRO0045', 'Artillery System Model-183', 'Artillery System', 29137184.36, 'Independent Manufacturer', 'Israel', 1, 5082, 'VEN020');
INSERT INTO PRODUCT (Item_ID, Name, Category, Unit_Cost, Manufacturer, Country_of_Origin, Imported, Stock_Available, Vendor_ID) VALUES ('PRO0046', 'Missiles Model-709', 'Missiles', 35441846.3, 'Partner Co.', 'Japan', 1, 6171, 'VEN051');
INSERT INTO PRODUCT (Item_ID, Name, Category, Unit_Cost, Manufacturer, Country_of_Origin, Imported, Stock_Available, Vendor_ID) VALUES ('PRO0047', 'Missiles Model-786', 'Missiles', 35141692.19, 'Catalyst Defense Ltd', 'Italy', 1, 8624, 'VEN043');
INSERT INTO PRODUCT (Item_ID, Name, Category, Unit_Cost, Manufacturer, Country_of_Origin, Imported, Stock_Available, Vendor_ID) VALUES ('PRO0048', 'Field Hospitals Model-620', 'Field Hospitals', 723783.83, 'Siemens Healthineers', 'Germany', 1, 2953, 'VEN012');
INSERT INTO PRODUCT (Item_ID, Name, Category, Unit_Cost, Manufacturer, Country_of_Origin, Imported, Stock_Available, Vendor_ID) VALUES ('PRO0049', 'Fighter Jets Model-884', 'Fighter Jets', 24313802.91, 'EagleEye Systems', 'Israel', 1, 2253, 'VEN028');
INSERT INTO PRODUCT (Item_ID, Name, Category, Unit_Cost, Manufacturer, Country_of_Origin, Imported, Stock_Available, Vendor_ID) VALUES ('PRO0050', 'Rifles Model-402', 'Rifles', 42221497.22, 'Partner Co.', 'Israel', 1, 8626, 'VEN020');
INSERT INTO PRODUCT (Item_ID, Name, Category, Unit_Cost, Manufacturer, Country_of_Origin, Imported, Stock_Available, Vendor_ID) VALUES ('PRO0051', 'Transport Aircraft Model-444', 'Transport Aircraft', 43819700.43, 'Mahindra Defence', 'India', 0, 9785, 'VEN005');
INSERT INTO PRODUCT (Item_ID, Name, Category, Unit_Cost, Manufacturer, Country_of_Origin, Imported, Stock_Available, Vendor_ID) VALUES ('PRO0052', 'Missiles Model-266', 'Missiles', 9042707.94, 'Pioneer Manufacturing Ltd', 'UK', 1, 2712, 'VEN049');
INSERT INTO PRODUCT (Item_ID, Name, Category, Unit_Cost, Manufacturer, Country_of_Origin, Imported, Stock_Available, Vendor_ID) VALUES ('PRO0053', 'Firewalls Model-520', 'Firewalls', 728725.97, 'Fortress Gear', 'Japan', 1, 7277, 'VEN057');
INSERT INTO PRODUCT (Item_ID, Name, Category, Unit_Cost, Manufacturer, Country_of_Origin, Imported, Stock_Available, Vendor_ID) VALUES ('PRO0054', 'Uniform Model-870', 'Uniform', 1497123.33, 'Kodiak Armaments', 'France', 1, 8749, 'VEN079');
INSERT INTO PRODUCT (Item_ID, Name, Category, Unit_Cost, Manufacturer, Country_of_Origin, Imported, Stock_Available, Vendor_ID) VALUES ('PRO0055', 'Artillery System Model-928', 'Artillery System', 39218619.79, 'Cobalt Defense', 'USA', 1, 3178, 'VEN031');
INSERT INTO PRODUCT (Item_ID, Name, Category, Unit_Cost, Manufacturer, Country_of_Origin, Imported, Stock_Available, Vendor_ID) VALUES ('PRO0056', 'Transport Aircraft Model-684', 'Transport Aircraft', 49221997.46, 'Vertex Robotics Ltd', 'USA', 1, 4616, 'VEN048');
INSERT INTO PRODUCT (Item_ID, Name, Category, Unit_Cost, Manufacturer, Country_of_Origin, Imported, Stock_Available, Vendor_ID) VALUES ('PRO0057', 'Air-defence systems Model-265', 'Air-defence systems', 40844653.53, 'Pioneer Manufacturing Ltd', 'UK', 1, 2267, 'VEN049');
INSERT INTO PRODUCT (Item_ID, Name, Category, Unit_Cost, Manufacturer, Country_of_Origin, Imported, Stock_Available, Vendor_ID) VALUES ('PRO0058', 'Helmets Model-756', 'Helmets', 961285.19, 'EagleEye Systems Ltd', 'France', 1, 1680, 'VEN033');
INSERT INTO PRODUCT (Item_ID, Name, Category, Unit_Cost, Manufacturer, Country_of_Origin, Imported, Stock_Available, Vendor_ID) VALUES ('PRO0059', 'Firewalls Model-391', 'Firewalls', 167933.48, 'Independent Manufacturer', 'UK', 1, 8410, 'VEN067');
INSERT INTO PRODUCT (Item_ID, Name, Category, Unit_Cost, Manufacturer, Country_of_Origin, Imported, Stock_Available, Vendor_ID) VALUES ('PRO0060', 'Miscellaneous Model-193', 'Miscellaneous', 1892837.24, 'Frontline Electronics Ltd', 'USA', 1, 7391, 'VEN019');
INSERT INTO PRODUCT (Item_ID, Name, Category, Unit_Cost, Manufacturer, Country_of_Origin, Imported, Stock_Available, Vendor_ID) VALUES ('PRO0061', 'Helmets Model-524', 'Helmets', 106703.12, 'Precision Ordnance Pvt Ltd Ltd', 'India', 0, 3862, 'VEN045');
INSERT INTO PRODUCT (Item_ID, Name, Category, Unit_Cost, Manufacturer, Country_of_Origin, Imported, Stock_Available, Vendor_ID) VALUES ('PRO0062', 'Miscellaneous Model-483', 'Miscellaneous', 449232.61, 'Cobalt Defense', 'USA', 1, 1623, 'VEN050');
INSERT INTO PRODUCT (Item_ID, Name, Category, Unit_Cost, Manufacturer, Country_of_Origin, Imported, Stock_Available, Vendor_ID) VALUES ('PRO0063', 'Missiles Model-240', 'Missiles', 1915640.4, 'Catalyst Defense Ltd', 'Italy', 1, 7740, 'VEN043');
INSERT INTO PRODUCT (Item_ID, Name, Category, Unit_Cost, Manufacturer, Country_of_Origin, Imported, Stock_Available, Vendor_ID) VALUES ('PRO0064', 'Field Hospitals Model-559', 'Field Hospitals', 1230773.44, 'Aurora Medical Ltd', 'USA', 1, 311, 'VEN018');
INSERT INTO PRODUCT (Item_ID, Name, Category, Unit_Cost, Manufacturer, Country_of_Origin, Imported, Stock_Available, Vendor_ID) VALUES ('PRO0065', 'Defence suits Model-955', 'Defence suits', 299209.33, 'EagleEye Systems Ltd', 'France', 1, 9975, 'VEN033');
INSERT INTO PRODUCT (Item_ID, Name, Category, Unit_Cost, Manufacturer, Country_of_Origin, Imported, Stock_Available, Vendor_ID) VALUES ('PRO0066', 'Boots Model-213', 'Boots', 1552390.03, 'Aegis Cyber Labs', 'France', 1, 1996, 'VEN068');
INSERT INTO PRODUCT (Item_ID, Name, Category, Unit_Cost, Manufacturer, Country_of_Origin, Imported, Stock_Available, Vendor_ID) VALUES ('PRO0067', 'Armored Trucks Model-529', 'Armored Trucks', 31947767.13, 'Rafael Advanced Defense Systems', 'Israel', 1, 1029, 'VEN007');
INSERT INTO PRODUCT (Item_ID, Name, Category, Unit_Cost, Manufacturer, Country_of_Origin, Imported, Stock_Available, Vendor_ID) VALUES ('PRO0068', 'Threat Intelligence Platform Model-711', 'Threat Intelligence Platform', 1072200.36, 'Northrop Grumman', 'USA', 1, 9421, 'VEN015');
INSERT INTO PRODUCT (Item_ID, Name, Category, Unit_Cost, Manufacturer, Country_of_Origin, Imported, Stock_Available, Vendor_ID) VALUES ('PRO0069', 'Missiles Model-398', 'Missiles', 21462230.04, 'Cobalt Defense', 'USA', 1, 3941, 'VEN031');
INSERT INTO PRODUCT (Item_ID, Name, Category, Unit_Cost, Manufacturer, Country_of_Origin, Imported, Stock_Available, Vendor_ID) VALUES ('PRO0070', 'Miscellaneous Model-291', 'Miscellaneous', 1328809.73, 'Independent Manufacturer', 'Germany', 1, 1108, 'VEN074');
INSERT INTO PRODUCT (Item_ID, Name, Category, Unit_Cost, Manufacturer, Country_of_Origin, Imported, Stock_Available, Vendor_ID) VALUES ('PRO0071', 'Helmets Model-499', 'Helmets', 1746688.21, 'Independent Manufacturer', 'France', 1, 6116, 'VEN068');
INSERT INTO PRODUCT (Item_ID, Name, Category, Unit_Cost, Manufacturer, Country_of_Origin, Imported, Stock_Available, Vendor_ID) VALUES ('PRO0072', 'Helmets Model-465', 'Helmets', 1577082.33, 'EagleEye Systems Ltd', 'France', 1, 1698, 'VEN033');
INSERT INTO PRODUCT (Item_ID, Name, Category, Unit_Cost, Manufacturer, Country_of_Origin, Imported, Stock_Available, Vendor_ID) VALUES ('PRO0073', 'Miscellaneous Model-236', 'Miscellaneous', 88862.51, 'Quanta Labs', 'France', 1, 2868, 'VEN075');
INSERT INTO PRODUCT (Item_ID, Name, Category, Unit_Cost, Manufacturer, Country_of_Origin, Imported, Stock_Available, Vendor_ID) VALUES ('PRO0074', 'Boots Model-746', 'Boots', 364719.54, 'Partner Co.', 'Italy', 1, 7498, 'VEN060');
INSERT INTO PRODUCT (Item_ID, Name, Category, Unit_Cost, Manufacturer, Country_of_Origin, Imported, Stock_Available, Vendor_ID) VALUES ('PRO0075', 'Fighter Jets Model-306', 'Fighter Jets', 2190791.88, 'DRDO Labs', 'India', 0, 5170, 'VEN005');
INSERT INTO PRODUCT (Item_ID, Name, Category, Unit_Cost, Manufacturer, Country_of_Origin, Imported, Stock_Available, Vendor_ID) VALUES ('PRO0076', 'Air-defence systems Model-934', 'Air-defence systems', 27151763.37, 'Falcon Electronics', 'Israel', 1, 3131, 'VEN040');
INSERT INTO PRODUCT (Item_ID, Name, Category, Unit_Cost, Manufacturer, Country_of_Origin, Imported, Stock_Available, Vendor_ID) VALUES ('PRO0077', 'Artillery System Model-982', 'Artillery System', 39042187.93, 'Ionix Communications', 'South Korea', 1, 5438, 'VEN037');
INSERT INTO PRODUCT (Item_ID, Name, Category, Unit_Cost, Manufacturer, Country_of_Origin, Imported, Stock_Available, Vendor_ID) VALUES ('PRO0078', 'Rifles Model-918', 'Rifles', 18401274.71, 'AeroTech Solutions Ltd', 'France', 1, 7204, 'VEN035');
INSERT INTO PRODUCT (Item_ID, Name, Category, Unit_Cost, Manufacturer, Country_of_Origin, Imported, Stock_Available, Vendor_ID) VALUES ('PRO0079', 'Miscellaneous Model-291', 'Miscellaneous', 992507.21, 'Cobalt Defense', 'USA', 1, 8507, 'VEN050');
INSERT INTO PRODUCT (Item_ID, Name, Category, Unit_Cost, Manufacturer, Country_of_Origin, Imported, Stock_Available, Vendor_ID) VALUES ('PRO0080', 'Rifles Model-844', 'Rifles', 21225270.82, 'AeroTech Solutions Ltd', 'France', 1, 2956, 'VEN035');
INSERT INTO PRODUCT (Item_ID, Name, Category, Unit_Cost, Manufacturer, Country_of_Origin, Imported, Stock_Available, Vendor_ID) VALUES ('PRO0081', 'Surgical instruments Model-428', 'Surgical instruments', 205375.3, 'Summit Defense Solutions Ltd', 'USA', 1, 4843, 'VEN070');
INSERT INTO PRODUCT (Item_ID, Name, Category, Unit_Cost, Manufacturer, Country_of_Origin, Imported, Stock_Available, Vendor_ID) VALUES ('PRO0082', 'Air-defence systems Model-717', 'Air-defence systems', 35883286.73, 'Independent Manufacturer', 'Israel', 1, 5759, 'VEN040');
INSERT INTO PRODUCT (Item_ID, Name, Category, Unit_Cost, Manufacturer, Country_of_Origin, Imported, Stock_Available, Vendor_ID) VALUES ('PRO0083', 'Miscellaneous Model-844', 'Miscellaneous', 1740100.34, 'Medicore Instruments Ltd', 'UK', 1, 7126, 'VEN058');
INSERT INTO PRODUCT (Item_ID, Name, Category, Unit_Cost, Manufacturer, Country_of_Origin, Imported, Stock_Available, Vendor_ID) VALUES ('PRO0084', 'Transport Aircraft Model-910', 'Transport Aircraft', 47395244.98, 'Partner Co.', 'UK', 1, 6655, 'VEN036');
INSERT INTO PRODUCT (Item_ID, Name, Category, Unit_Cost, Manufacturer, Country_of_Origin, Imported, Stock_Available, Vendor_ID) VALUES ('PRO0085', 'Medical drones Model-131', 'Medical drones', 285730.38, 'Global Defense Logistics Ltd', 'France', 1, 7179, 'VEN047');
INSERT INTO PRODUCT (Item_ID, Name, Category, Unit_Cost, Manufacturer, Country_of_Origin, Imported, Stock_Available, Vendor_ID) VALUES ('PRO0086', 'Armored Trucks Model-168', 'Armored Trucks', 11800151.02, 'Mahindra Defence', 'India', 0, 5933, 'VEN005');
INSERT INTO PRODUCT (Item_ID, Name, Category, Unit_Cost, Manufacturer, Country_of_Origin, Imported, Stock_Available, Vendor_ID) VALUES ('PRO0087', 'Miscellaneous Model-719', 'Miscellaneous', 307045.64, 'Cobalt Defense', 'USA', 1, 6077, 'VEN050');
INSERT INTO PRODUCT (Item_ID, Name, Category, Unit_Cost, Manufacturer, Country_of_Origin, Imported, Stock_Available, Vendor_ID) VALUES ('PRO0088', 'Submarines Model-881', 'Submarines', 3844733.0, 'Independent Manufacturer', 'USA', 1, 6521, 'VEN048');
INSERT INTO PRODUCT (Item_ID, Name, Category, Unit_Cost, Manufacturer, Country_of_Origin, Imported, Stock_Available, Vendor_ID) VALUES ('PRO0089', 'Miscellaneous Model-355', 'Miscellaneous', 1921048.0, 'DRDO Labs', 'Japan', 1, 8176, 'VEN041');
INSERT INTO PRODUCT (Item_ID, Name, Category, Unit_Cost, Manufacturer, Country_of_Origin, Imported, Stock_Available, Vendor_ID) VALUES ('PRO0090', 'Threat Intelligence Platform Model-675', 'Threat Intelligence Platform', 235698.44, 'Naval Instruments Co', 'UK', 1, 7311, 'VEN067');
INSERT INTO PRODUCT (Item_ID, Name, Category, Unit_Cost, Manufacturer, Country_of_Origin, Imported, Stock_Available, Vendor_ID) VALUES ('PRO0091', 'Drones Model-392', 'Drones', 34699185.06, 'EagleEye Systems', 'Israel', 1, 3279, 'VEN028');
INSERT INTO PRODUCT (Item_ID, Name, Category, Unit_Cost, Manufacturer, Country_of_Origin, Imported, Stock_Available, Vendor_ID) VALUES ('PRO0092', 'Armored Trucks Model-973', 'Armored Trucks', 3703064.93, 'Partner Co.', 'UK', 1, 7292, 'VEN016');
INSERT INTO PRODUCT (Item_ID, Name, Category, Unit_Cost, Manufacturer, Country_of_Origin, Imported, Stock_Available, Vendor_ID) VALUES ('PRO0093', 'Surgical instruments Model-783', 'Surgical instruments', 694981.1, 'Partner Co.', 'Germany', 1, 4757, 'VEN012');
INSERT INTO PRODUCT (Item_ID, Name, Category, Unit_Cost, Manufacturer, Country_of_Origin, Imported, Stock_Available, Vendor_ID) VALUES ('PRO0094', 'Medical drones Model-828', 'Medical drones', 1419185.67, 'ShieldGuard Technologies', 'UK', 1, 2852, 'VEN039');
INSERT INTO PRODUCT (Item_ID, Name, Category, Unit_Cost, Manufacturer, Country_of_Origin, Imported, Stock_Available, Vendor_ID) VALUES ('PRO0095', 'Medical drones Model-224', 'Medical drones', 1970268.07, 'Global Defense Logistics Ltd', 'France', 1, 3878, 'VEN047');
INSERT INTO PRODUCT (Item_ID, Name, Category, Unit_Cost, Manufacturer, Country_of_Origin, Imported, Stock_Available, Vendor_ID) VALUES ('PRO0096', 'Miscellaneous Model-469', 'Miscellaneous', 1108132.07, 'Quantum Sensors', 'France', 1, 9038, 'VEN064');
INSERT INTO PRODUCT (Item_ID, Name, Category, Unit_Cost, Manufacturer, Country_of_Origin, Imported, Stock_Available, Vendor_ID) VALUES ('PRO0097', 'Firewalls Model-167', 'Firewalls', 618719.58, 'Gamma Healthcare Ltd', 'USA', 1, 7842, 'VEN017');
INSERT INTO PRODUCT (Item_ID, Name, Category, Unit_Cost, Manufacturer, Country_of_Origin, Imported, Stock_Available, Vendor_ID) VALUES ('PRO0098', 'Boots Model-887', 'Boots', 818985.17, 'Aegis Cyber Labs', 'France', 1, 2053, 'VEN068');
INSERT INTO PRODUCT (Item_ID, Name, Category, Unit_Cost, Manufacturer, Country_of_Origin, Imported, Stock_Available, Vendor_ID) VALUES ('PRO0099', 'Miscellaneous Model-560', 'Miscellaneous', 931773.23, 'Falcon Electronics Ltd', 'Japan', 1, 2102, 'VEN041');
INSERT INTO PRODUCT (Item_ID, Name, Category, Unit_Cost, Manufacturer, Country_of_Origin, Imported, Stock_Available, Vendor_ID) VALUES ('PRO0100', 'Radar installations Model-286', 'Radar installations', 1535609.72, 'Partner Co.', 'Japan', 1, 907, 'VEN071');
INSERT INTO PRODUCT (Item_ID, Name, Category, Unit_Cost, Manufacturer, Country_of_Origin, Imported, Stock_Available, Vendor_ID) VALUES ('PRO0101', 'Drones Model-256', 'Drones', 15206575.08, 'Partner Co.', 'UK', 1, 3694, 'VEN016');
INSERT INTO PRODUCT (Item_ID, Name, Category, Unit_Cost, Manufacturer, Country_of_Origin, Imported, Stock_Available, Vendor_ID) VALUES ('PRO0102', 'Uniform Model-966', 'Uniform', 157904.04, 'Partner Co.', 'India', 0, 4496, 'VEN045');
INSERT INTO PRODUCT (Item_ID, Name, Category, Unit_Cost, Manufacturer, Country_of_Origin, Imported, Stock_Available, Vendor_ID) VALUES ('PRO0103', 'Data centers Model-729', 'Data centers', 1067049.36, 'Gamma Healthcare Ltd', 'USA', 1, 2762, 'VEN017');
INSERT INTO PRODUCT (Item_ID, Name, Category, Unit_Cost, Manufacturer, Country_of_Origin, Imported, Stock_Available, Vendor_ID) VALUES ('PRO0104', 'Threat monitoring platforms Model-275', 'Threat monitoring platforms', 1317534.0, 'AeroTech Solutions', 'USA', 1, 9914, 'VEN076');
INSERT INTO PRODUCT (Item_ID, Name, Category, Unit_Cost, Manufacturer, Country_of_Origin, Imported, Stock_Available, Vendor_ID) VALUES ('PRO0105', 'First-aid kits Model-945', 'First-aid kits', 1727589.63, 'Partner Co.', 'Japan', 1, 9449, 'VEN044');
INSERT INTO PRODUCT (Item_ID, Name, Category, Unit_Cost, Manufacturer, Country_of_Origin, Imported, Stock_Available, Vendor_ID) VALUES ('PRO0106', 'Defence suits Model-885', 'Defence suits', 1144359.98, 'Aurora Medical', 'South Korea', 1, 496, 'VEN034');
INSERT INTO PRODUCT (Item_ID, Name, Category, Unit_Cost, Manufacturer, Country_of_Origin, Imported, Stock_Available, Vendor_ID) VALUES ('PRO0107', 'Miscellaneous Model-757', 'Miscellaneous', 1913309.01, 'Quantum Sensors', 'France', 1, 6653, 'VEN064');
INSERT INTO PRODUCT (Item_ID, Name, Category, Unit_Cost, Manufacturer, Country_of_Origin, Imported, Stock_Available, Vendor_ID) VALUES ('PRO0108', 'Field Hospitals Model-174', 'Field Hospitals', 1377289.42, 'Independent Manufacturer', 'UK', 1, 7933, 'VEN039');
INSERT INTO PRODUCT (Item_ID, Name, Category, Unit_Cost, Manufacturer, Country_of_Origin, Imported, Stock_Available, Vendor_ID) VALUES ('PRO0109', 'Defence suits Model-448', 'Defence suits', 1213399.19, 'ShieldGuard Technologies', 'Italy', 1, 5231, 'VEN060');
INSERT INTO PRODUCT (Item_ID, Name, Category, Unit_Cost, Manufacturer, Country_of_Origin, Imported, Stock_Available, Vendor_ID) VALUES ('PRO0110', 'Boots Model-233', 'Boots', 1521377.86, 'Precision Ordnance Pvt Ltd Ltd', 'India', 0, 1739, 'VEN045');
INSERT INTO PRODUCT (Item_ID, Name, Category, Unit_Cost, Manufacturer, Country_of_Origin, Imported, Stock_Available, Vendor_ID) VALUES ('PRO0111', 'Miscellaneous Model-577', 'Miscellaneous', 245219.31, 'Falcon Electronics Ltd', 'Japan', 1, 2308, 'VEN041');
INSERT INTO PRODUCT (Item_ID, Name, Category, Unit_Cost, Manufacturer, Country_of_Origin, Imported, Stock_Available, Vendor_ID) VALUES ('PRO0112', 'Tanks Model-397', 'Tanks', 47269271.94, 'Rosoboronexport', 'Russia', 1, 6850, 'VEN013');
INSERT INTO PRODUCT (Item_ID, Name, Category, Unit_Cost, Manufacturer, Country_of_Origin, Imported, Stock_Available, Vendor_ID) VALUES ('PRO0113', 'Threat monitoring platforms Model-933', 'Threat monitoring platforms', 655006.15, 'Orbit Communications', 'Japan', 1, 5123, 'VEN032');
INSERT INTO PRODUCT (Item_ID, Name, Category, Unit_Cost, Manufacturer, Country_of_Origin, Imported, Stock_Available, Vendor_ID) VALUES ('PRO0114', 'Miscellaneous Model-610', 'Miscellaneous', 1991939.63, 'Jupiter Logistics', 'India', 0, 5055, 'VEN025');
INSERT INTO PRODUCT (Item_ID, Name, Category, Unit_Cost, Manufacturer, Country_of_Origin, Imported, Stock_Available, Vendor_ID) VALUES ('PRO0115', 'Miscellaneous Model-192', 'Miscellaneous', 1890476.56, 'Quantum Sensors', 'France', 1, 3944, 'VEN064');
INSERT INTO PRODUCT (Item_ID, Name, Category, Unit_Cost, Manufacturer, Country_of_Origin, Imported, Stock_Available, Vendor_ID) VALUES ('PRO0116', 'Drones Model-461', 'Drones', 2433382.32, 'EagleEye Systems', 'Israel', 1, 9789, 'VEN028');
INSERT INTO PRODUCT (Item_ID, Name, Category, Unit_Cost, Manufacturer, Country_of_Origin, Imported, Stock_Available, Vendor_ID) VALUES ('PRO0117', 'Miscellaneous Model-649', 'Miscellaneous', 16553.18, 'DRDO Labs', 'Germany', 1, 4333, 'VEN061');
INSERT INTO PRODUCT (Item_ID, Name, Category, Unit_Cost, Manufacturer, Country_of_Origin, Imported, Stock_Available, Vendor_ID) VALUES ('PRO0118', 'Field Hospitals Model-474', 'Field Hospitals', 90675.74, 'Partner Co.', 'France', 1, 3189, 'VEN047');
INSERT INTO PRODUCT (Item_ID, Name, Category, Unit_Cost, Manufacturer, Country_of_Origin, Imported, Stock_Available, Vendor_ID) VALUES ('PRO0119', 'Surgical instruments Model-175', 'Surgical instruments', 772820.38, 'Global Defense Logistics Ltd', 'France', 1, 9008, 'VEN047');
INSERT INTO PRODUCT (Item_ID, Name, Category, Unit_Cost, Manufacturer, Country_of_Origin, Imported, Stock_Available, Vendor_ID) VALUES ('PRO0120', 'Drones Model-796', 'Drones', 30552351.54, 'DRDO Labs', 'UK', 1, 6453, 'VEN036');
INSERT INTO PROCUREMENT_REQUEST (Request_ID, Dept_ID, Item_ID, Vendor_ID, Quantity, Total_Cost, Status, Date_of_Request, Approval_Authority, Date_of_Approval) VALUES ('REQ000001', 'DPT048', 'PRO0102', 'VEN045', 2778, 438657423.12, 'Approved', '2025-01-18', 'Dr. Rohit Verma', '2025-11-08');
INSERT INTO PROCUREMENT_REQUEST (Request_ID, Dept_ID, Item_ID, Vendor_ID, Quantity, Total_Cost, Status, Date_of_Request, Approval_Authority, Date_of_Approval) VALUES ('REQ000002', 'DPT052', 'PRO0065', 'VEN033', 330, 98739078.9, 'Pending', '2023-10-08', NULL, NULL);
INSERT INTO PROCUREMENT_REQUEST (Request_ID, Dept_ID, Item_ID, Vendor_ID, Quantity, Total_Cost, Status, Date_of_Request, Approval_Authority, Date_of_Approval) VALUES ('REQ000003', 'DPT067', 'PRO0059', 'VEN067', 1221, 205046779.08, 'Approved', '2025-11-21', NULL, '2024-10-14');
INSERT INTO PROCUREMENT_REQUEST (Request_ID, Dept_ID, Item_ID, Vendor_ID, Quantity, Total_Cost, Status, Date_of_Request, Approval_Authority, Date_of_Approval) VALUES ('REQ000004', 'DPT021', 'PRO0051', 'VEN005', 2452, 107445905454.36, 'Approved', '2025-11-04', NULL, '2024-09-05');
INSERT INTO PROCUREMENT_REQUEST (Request_ID, Dept_ID, Item_ID, Vendor_ID, Quantity, Total_Cost, Status, Date_of_Request, Approval_Authority, Date_of_Approval) VALUES ('REQ000005', 'DPT061', 'PRO0105', 'VEN044', 137, 236679779.31, 'Approved', '2023-08-13', NULL, '2023-02-24');
INSERT INTO PROCUREMENT_REQUEST (Request_ID, Dept_ID, Item_ID, Vendor_ID, Quantity, Total_Cost, Status, Date_of_Request, Approval_Authority, Date_of_Approval) VALUES ('REQ000006', 'DPT077', 'PRO0061', 'VEN045', 2176, 232185989.12, 'Rejected', '2024-04-11', NULL, '2023-12-16');
INSERT INTO PROCUREMENT_REQUEST (Request_ID, Dept_ID, Item_ID, Vendor_ID, Quantity, Total_Cost, Status, Date_of_Request, Approval_Authority, Date_of_Approval) VALUES ('REQ000007', 'DPT068', 'PRO0081', 'VEN070', 3115, 639744059.5, 'Pending', '2024-05-11', 'Ms. Sandeep Rao', NULL);
INSERT INTO PROCUREMENT_REQUEST (Request_ID, Dept_ID, Item_ID, Vendor_ID, Quantity, Total_Cost, Status, Date_of_Request, Approval_Authority, Date_of_Approval) VALUES ('REQ000008', 'DPT025', 'PRO0003', 'VEN065', 3613, 17918216419.37, 'Approved', '2023-11-07', 'Dr. Anjali Menon', '2025-04-20');
INSERT INTO PROCUREMENT_REQUEST (Request_ID, Dept_ID, Item_ID, Vendor_ID, Quantity, Total_Cost, Status, Date_of_Request, Approval_Authority, Date_of_Approval) VALUES ('REQ000009', 'DPT065', 'PRO0100', 'VEN071', 3864, 5933595958.08, 'Rejected', '2023-05-08', 'Shri Sanjay Bhat', '2024-10-27');
INSERT INTO PROCUREMENT_REQUEST (Request_ID, Dept_ID, Item_ID, Vendor_ID, Quantity, Total_Cost, Status, Date_of_Request, Approval_Authority, Date_of_Approval) VALUES ('REQ000010', 'DPT062', 'PRO0068', 'VEN015', 3087, 3309882511.32, 'Approved', '2023-12-21', NULL, '2024-12-26');
INSERT INTO PROCUREMENT_REQUEST (Request_ID, Dept_ID, Item_ID, Vendor_ID, Quantity, Total_Cost, Status, Date_of_Request, Approval_Authority, Date_of_Approval) VALUES ('REQ000011', 'DPT034', 'PRO0079', 'VEN050', 3967, 3937276102.07, 'Pending', '2024-05-19', NULL, NULL);
INSERT INTO PROCUREMENT_REQUEST (Request_ID, Dept_ID, Item_ID, Vendor_ID, Quantity, Total_Cost, Status, Date_of_Request, Approval_Authority, Date_of_Approval) VALUES ('REQ000012', 'DPT029', 'PRO0039', 'VEN058', 2368, 2865494706.56, 'Approved', '2025-09-28', NULL, '2024-12-15');
INSERT INTO PROCUREMENT_REQUEST (Request_ID, Dept_ID, Item_ID, Vendor_ID, Quantity, Total_Cost, Status, Date_of_Request, Approval_Authority, Date_of_Approval) VALUES ('REQ000013', 'DPT072', 'PRO0120', 'VEN036', 2241, 68467819801.14, 'Pending', '2025-02-16', NULL, NULL);
INSERT INTO PROCUREMENT_REQUEST (Request_ID, Dept_ID, Item_ID, Vendor_ID, Quantity, Total_Cost, Status, Date_of_Request, Approval_Authority, Date_of_Approval) VALUES ('REQ000014', 'DPT019', 'PRO0038', 'VEN079', 345, 400456248.75, 'Pending', '2023-06-11', NULL, NULL);
INSERT INTO PROCUREMENT_REQUEST (Request_ID, Dept_ID, Item_ID, Vendor_ID, Quantity, Total_Cost, Status, Date_of_Request, Approval_Authority, Date_of_Approval) VALUES ('REQ000015', 'DPT033', 'PRO0096', 'VEN064', 3925, 4349418374.75, 'Pending', '2024-07-09', NULL, NULL);
INSERT INTO PROCUREMENT_REQUEST (Request_ID, Dept_ID, Item_ID, Vendor_ID, Quantity, Total_Cost, Status, Date_of_Request, Approval_Authority, Date_of_Approval) VALUES ('REQ000016', 'DPT018', 'PRO0014', 'VEN035', 4808, 84387590508.24, 'Pending', '2023-04-14', 'Dr. Anjali Menon', NULL);
INSERT INTO PROCUREMENT_REQUEST (Request_ID, Dept_ID, Item_ID, Vendor_ID, Quantity, Total_Cost, Status, Date_of_Request, Approval_Authority, Date_of_Approval) VALUES ('REQ000017', 'DPT030', 'PRO0007', 'VEN056', 821, 1213145921.04, 'Approved', '2025-08-25', 'Shri Amit Joshi', '2023-01-11');
INSERT INTO PROCUREMENT_REQUEST (Request_ID, Dept_ID, Item_ID, Vendor_ID, Quantity, Total_Cost, Status, Date_of_Request, Approval_Authority, Date_of_Approval) VALUES ('REQ000018', 'DPT071', 'PRO0119', 'VEN047', 1294, 1000029571.72, 'Approved', '2025-09-01', 'Mr. Anjali Menon', '2024-08-11');
INSERT INTO PROCUREMENT_REQUEST (Request_ID, Dept_ID, Item_ID, Vendor_ID, Quantity, Total_Cost, Status, Date_of_Request, Approval_Authority, Date_of_Approval) VALUES ('REQ000019', 'DPT042', 'PRO0037', 'VEN008', 485, 6961790923.65, 'Rejected', '2023-07-03', 'Shri Anjali Menon', '2025-12-31');
INSERT INTO PROCUREMENT_REQUEST (Request_ID, Dept_ID, Item_ID, Vendor_ID, Quantity, Total_Cost, Status, Date_of_Request, Approval_Authority, Date_of_Approval) VALUES ('REQ000020', 'DPT005', 'PRO0117', 'VEN061', 1435, 23753813.3, 'Approved', '2023-12-27', NULL, '2025-10-11');
INSERT INTO PROCUREMENT_REQUEST (Request_ID, Dept_ID, Item_ID, Vendor_ID, Quantity, Total_Cost, Status, Date_of_Request, Approval_Authority, Date_of_Approval) VALUES ('REQ000021', 'DPT024', 'PRO0120', 'VEN036', 2372, 72470177852.88, 'Rejected', '2023-01-19', 'Dr. Rohit Verma', '2024-11-17');
INSERT INTO PROCUREMENT_REQUEST (Request_ID, Dept_ID, Item_ID, Vendor_ID, Quantity, Total_Cost, Status, Date_of_Request, Approval_Authority, Date_of_Approval) VALUES ('REQ000022', 'DPT037', 'PRO0059', 'VEN067', 4451, 747471919.48, 'Approved', '2023-10-02', NULL, '2024-07-12');
INSERT INTO PROCUREMENT_REQUEST (Request_ID, Dept_ID, Item_ID, Vendor_ID, Quantity, Total_Cost, Status, Date_of_Request, Approval_Authority, Date_of_Approval) VALUES ('REQ000023', 'DPT025', 'PRO0104', 'VEN076', 923, 1216083882.0, 'Approved', '2025-07-28', 'Mr. Rakesh Singh', '2023-01-29');
INSERT INTO PROCUREMENT_REQUEST (Request_ID, Dept_ID, Item_ID, Vendor_ID, Quantity, Total_Cost, Status, Date_of_Request, Approval_Authority, Date_of_Approval) VALUES ('REQ000024', 'DPT044', 'PRO0102', 'VEN045', 2417, 381654064.68, 'Approved', '2024-01-31', NULL, '2025-05-25');
INSERT INTO PROCUREMENT_REQUEST (Request_ID, Dept_ID, Item_ID, Vendor_ID, Quantity, Total_Cost, Status, Date_of_Request, Approval_Authority, Date_of_Approval) VALUES ('REQ000025', 'DPT066', 'PRO0042', 'VEN068', 711, 530284696.29, 'Approved', '2023-07-15', 'Dr. Vikram Patel', '2025-09-04');
INSERT INTO PROCUREMENT_REQUEST (Request_ID, Dept_ID, Item_ID, Vendor_ID, Quantity, Total_Cost, Status, Date_of_Request, Approval_Authority, Date_of_Approval) VALUES ('REQ000026', 'DPT042', 'PRO0120', 'VEN036', 2033, 62112930680.82, 'Pending', '2025-02-24', NULL, NULL);
INSERT INTO PROCUREMENT_REQUEST (Request_ID, Dept_ID, Item_ID, Vendor_ID, Quantity, Total_Cost, Status, Date_of_Request, Approval_Authority, Date_of_Approval) VALUES ('REQ000027', 'DPT035', 'PRO0043', 'VEN044', 2474, 3121809403.78, 'Approved', '2023-01-24', NULL, '2024-04-28');
INSERT INTO PROCUREMENT_REQUEST (Request_ID, Dept_ID, Item_ID, Vendor_ID, Quantity, Total_Cost, Status, Date_of_Request, Approval_Authority, Date_of_Approval) VALUES ('REQ000028', 'DPT008', 'PRO0086', 'VEN005', 969, 11434346338.38, 'Approved', '2023-11-24', NULL, '2023-08-29');
INSERT INTO PROCUREMENT_REQUEST (Request_ID, Dept_ID, Item_ID, Vendor_ID, Quantity, Total_Cost, Status, Date_of_Request, Approval_Authority, Date_of_Approval) VALUES ('REQ000029', 'DPT038', 'PRO0048', 'VEN012', 1810, 1310048732.3, 'Pending', '2023-10-01', 'Mr. Anjali Menon', NULL);
INSERT INTO PROCUREMENT_REQUEST (Request_ID, Dept_ID, Item_ID, Vendor_ID, Quantity, Total_Cost, Status, Date_of_Request, Approval_Authority, Date_of_Approval) VALUES ('REQ000030', 'DPT059', 'PRO0096', 'VEN064', 4963, 5499659463.41, 'Approved', '2025-08-22', 'Dr. Rohit Verma', '2024-05-21');
INSERT INTO PROCUREMENT_REQUEST (Request_ID, Dept_ID, Item_ID, Vendor_ID, Quantity, Total_Cost, Status, Date_of_Request, Approval_Authority, Date_of_Approval) VALUES ('REQ000031', 'DPT077', 'PRO0112', 'VEN013', 671, 31717681471.74, 'Approved', '2025-12-17', 'Ms. Priya Sharma', '2023-08-18');
INSERT INTO PROCUREMENT_REQUEST (Request_ID, Dept_ID, Item_ID, Vendor_ID, Quantity, Total_Cost, Status, Date_of_Request, Approval_Authority, Date_of_Approval) VALUES ('REQ000032', 'DPT008', 'PRO0107', 'VEN064', 4487, 8585017527.87, 'Rejected', '2024-02-19', 'Shri Anjali Menon', '2023-12-03');
INSERT INTO PROCUREMENT_REQUEST (Request_ID, Dept_ID, Item_ID, Vendor_ID, Quantity, Total_Cost, Status, Date_of_Request, Approval_Authority, Date_of_Approval) VALUES ('REQ000033', 'DPT042', 'PRO0110', 'VEN045', 4263, 6485633817.18, 'Approved', '2024-02-25', NULL, '2023-07-06');
INSERT INTO PROCUREMENT_REQUEST (Request_ID, Dept_ID, Item_ID, Vendor_ID, Quantity, Total_Cost, Status, Date_of_Request, Approval_Authority, Date_of_Approval) VALUES ('REQ000034', 'DPT066', 'PRO0058', 'VEN033', 456, 438346046.64, 'Approved', '2025-11-17', NULL, '2023-04-29');
INSERT INTO PROCUREMENT_REQUEST (Request_ID, Dept_ID, Item_ID, Vendor_ID, Quantity, Total_Cost, Status, Date_of_Request, Approval_Authority, Date_of_Approval) VALUES ('REQ000035', 'DPT072', 'PRO0060', 'VEN019', 2525, 4779414031.0, 'Approved', '2025-03-21', 'Mr. Rakesh Singh', '2024-03-22');
INSERT INTO PROCUREMENT_REQUEST (Request_ID, Dept_ID, Item_ID, Vendor_ID, Quantity, Total_Cost, Status, Date_of_Request, Approval_Authority, Date_of_Approval) VALUES ('REQ000036', 'DPT075', 'PRO0010', 'VEN040', 372, 10749362949.12, 'Approved', '2023-05-11', 'Brig. Arun Kumar', '2023-05-22');
INSERT INTO PROCUREMENT_REQUEST (Request_ID, Dept_ID, Item_ID, Vendor_ID, Quantity, Total_Cost, Status, Date_of_Request, Approval_Authority, Date_of_Approval) VALUES ('REQ000037', 'DPT061', 'PRO0005', 'VEN052', 2352, 11183158875.84, 'Approved', '2023-10-05', NULL, '2025-02-22');
INSERT INTO PROCUREMENT_REQUEST (Request_ID, Dept_ID, Item_ID, Vendor_ID, Quantity, Total_Cost, Status, Date_of_Request, Approval_Authority, Date_of_Approval) VALUES ('REQ000038', 'DPT058', 'PRO0112', 'VEN013', 3093, 146203858110.42, 'Approved', '2023-09-30', 'Mr. Neha Gupta', '2024-01-01');
INSERT INTO PROCUREMENT_REQUEST (Request_ID, Dept_ID, Item_ID, Vendor_ID, Quantity, Total_Cost, Status, Date_of_Request, Approval_Authority, Date_of_Approval) VALUES ('REQ000039', 'DPT069', 'PRO0051', 'VEN005', 4333, 189870761963.19, 'Pending', '2024-04-01', 'Shri Amit Joshi', NULL);
INSERT INTO PROCUREMENT_REQUEST (Request_ID, Dept_ID, Item_ID, Vendor_ID, Quantity, Total_Cost, Status, Date_of_Request, Approval_Authority, Date_of_Approval) VALUES ('REQ000040', 'DPT039', 'PRO0060', 'VEN019', 4461, 8443946927.64, 'Approved', '2025-02-15', 'Brig. Rakesh Singh', '2025-08-01');
INSERT INTO PROCUREMENT_REQUEST (Request_ID, Dept_ID, Item_ID, Vendor_ID, Quantity, Total_Cost, Status, Date_of_Request, Approval_Authority, Date_of_Approval) VALUES ('REQ000041', 'DPT045', 'PRO0020', 'VEN066', 2259, 48559388797.89, 'Pending', '2023-08-20', NULL, NULL);
INSERT INTO PROCUREMENT_REQUEST (Request_ID, Dept_ID, Item_ID, Vendor_ID, Quantity, Total_Cost, Status, Date_of_Request, Approval_Authority, Date_of_Approval) VALUES ('REQ000042', 'DPT079', 'PRO0099', 'VEN041', 129, 120198746.67, 'Pending', '2023-05-18', 'Shri Amit Joshi', NULL);
INSERT INTO PROCUREMENT_REQUEST (Request_ID, Dept_ID, Item_ID, Vendor_ID, Quantity, Total_Cost, Status, Date_of_Request, Approval_Authority, Date_of_Approval) VALUES ('REQ000043', 'DPT058', 'PRO0077', 'VEN037', 399, 15577832984.07, 'Pending', '2023-04-01', NULL, NULL);
INSERT INTO PROCUREMENT_REQUEST (Request_ID, Dept_ID, Item_ID, Vendor_ID, Quantity, Total_Cost, Status, Date_of_Request, Approval_Authority, Date_of_Approval) VALUES ('REQ000044', 'DPT030', 'PRO0070', 'VEN074', 1780, 2365281319.4, 'Approved', '2023-04-26', NULL, '2024-04-24');
INSERT INTO PROCUREMENT_REQUEST (Request_ID, Dept_ID, Item_ID, Vendor_ID, Quantity, Total_Cost, Status, Date_of_Request, Approval_Authority, Date_of_Approval) VALUES ('REQ000045', 'DPT074', 'PRO0041', 'VEN065', 4731, 9261342866.94, 'Approved', '2024-10-18', NULL, '2023-10-21');
INSERT INTO PROCUREMENT_REQUEST (Request_ID, Dept_ID, Item_ID, Vendor_ID, Quantity, Total_Cost, Status, Date_of_Request, Approval_Authority, Date_of_Approval) VALUES ('REQ000046', 'DPT067', 'PRO0029', 'VEN052', 3388, 147467055443.4, 'Approved', '2023-05-05', 'Dr. Amit Joshi', '2025-05-24');
INSERT INTO PROCUREMENT_REQUEST (Request_ID, Dept_ID, Item_ID, Vendor_ID, Quantity, Total_Cost, Status, Date_of_Request, Approval_Authority, Date_of_Approval) VALUES ('REQ000047', 'DPT072', 'PRO0064', 'VEN018', 385, 473847774.4, 'Rejected', '2025-02-19', NULL, '2025-05-02');
INSERT INTO PROCUREMENT_REQUEST (Request_ID, Dept_ID, Item_ID, Vendor_ID, Quantity, Total_Cost, Status, Date_of_Request, Approval_Authority, Date_of_Approval) VALUES ('REQ000048', 'DPT053', 'PRO0020', 'VEN066', 2457, 52815590206.47, 'Approved', '2025-08-27', 'Dr. Sanjay Bhat', '2024-09-07');
INSERT INTO PROCUREMENT_REQUEST (Request_ID, Dept_ID, Item_ID, Vendor_ID, Quantity, Total_Cost, Status, Date_of_Request, Approval_Authority, Date_of_Approval) VALUES ('REQ000049', 'DPT019', 'PRO0104', 'VEN076', 3794, 4998723996.0, 'Rejected', '2025-04-25', 'Mr. Anjali Menon', '2025-03-06');
INSERT INTO PROCUREMENT_REQUEST (Request_ID, Dept_ID, Item_ID, Vendor_ID, Quantity, Total_Cost, Status, Date_of_Request, Approval_Authority, Date_of_Approval) VALUES ('REQ000050', 'DPT032', 'PRO0033', 'VEN023', 1666, 2513895306.16, 'Approved', '2023-06-11', NULL, '2023-07-09');
INSERT INTO PROCUREMENT_REQUEST (Request_ID, Dept_ID, Item_ID, Vendor_ID, Quantity, Total_Cost, Status, Date_of_Request, Approval_Authority, Date_of_Approval) VALUES ('REQ000051', 'DPT069', 'PRO0093', 'VEN012', 1561, 1084865497.1, 'Pending', '2025-02-11', 'Col. Rakesh Singh', NULL);
INSERT INTO PROCUREMENT_REQUEST (Request_ID, Dept_ID, Item_ID, Vendor_ID, Quantity, Total_Cost, Status, Date_of_Request, Approval_Authority, Date_of_Approval) VALUES ('REQ000052', 'DPT010', 'PRO0025', 'VEN010', 4814, 7144622279.5, 'Approved', '2024-03-20', 'Mr. Anjali Menon', '2024-11-12');
INSERT INTO PROCUREMENT_REQUEST (Request_ID, Dept_ID, Item_ID, Vendor_ID, Quantity, Total_Cost, Status, Date_of_Request, Approval_Authority, Date_of_Approval) VALUES ('REQ000053', 'DPT039', 'PRO0117', 'VEN061', 126, 2085700.68, 'Pending', '2024-01-25', NULL, NULL);
INSERT INTO PROCUREMENT_REQUEST (Request_ID, Dept_ID, Item_ID, Vendor_ID, Quantity, Total_Cost, Status, Date_of_Request, Approval_Authority, Date_of_Approval) VALUES ('REQ000054', 'DPT032', 'PRO0090', 'VEN067', 4952, 1167178674.88, 'Approved', '2025-03-23', NULL, '2024-08-02');
INSERT INTO PROCUREMENT_REQUEST (Request_ID, Dept_ID, Item_ID, Vendor_ID, Quantity, Total_Cost, Status, Date_of_Request, Approval_Authority, Date_of_Approval) VALUES ('REQ000055', 'DPT049', 'PRO0060', 'VEN019', 4372, 8275484413.28, 'Approved', '2024-09-23', NULL, '2025-11-16');
INSERT INTO PROCUREMENT_REQUEST (Request_ID, Dept_ID, Item_ID, Vendor_ID, Quantity, Total_Cost, Status, Date_of_Request, Approval_Authority, Date_of_Approval) VALUES ('REQ000056', 'DPT064', 'PRO0060', 'VEN019', 808, 1529412489.92, 'Approved', '2025-08-19', 'Col. Anjali Menon', '2025-01-29');
INSERT INTO PROCUREMENT_REQUEST (Request_ID, Dept_ID, Item_ID, Vendor_ID, Quantity, Total_Cost, Status, Date_of_Request, Approval_Authority, Date_of_Approval) VALUES ('REQ000057', 'DPT041', 'PRO0053', 'VEN057', 375, 273272238.75, 'Approved', '2024-03-29', 'Dr. Rohit Verma', '2024-06-18');
INSERT INTO PROCUREMENT_REQUEST (Request_ID, Dept_ID, Item_ID, Vendor_ID, Quantity, Total_Cost, Status, Date_of_Request, Approval_Authority, Date_of_Approval) VALUES ('REQ000058', 'DPT071', 'PRO0120', 'VEN036', 4785, 146193002118.9, 'Approved', '2025-05-05', 'Ms. Arun Kumar', '2024-02-06');
INSERT INTO PROCUREMENT_REQUEST (Request_ID, Dept_ID, Item_ID, Vendor_ID, Quantity, Total_Cost, Status, Date_of_Request, Approval_Authority, Date_of_Approval) VALUES ('REQ000059', 'DPT043', 'PRO0030', 'VEN043', 3112, 79431960776.88, 'Approved', '2024-05-18', NULL, '2024-06-11');
INSERT INTO PROCUREMENT_REQUEST (Request_ID, Dept_ID, Item_ID, Vendor_ID, Quantity, Total_Cost, Status, Date_of_Request, Approval_Authority, Date_of_Approval) VALUES ('REQ000060', 'DPT063', 'PRO0093', 'VEN012', 4019, 2793129040.9, 'Approved', '2024-12-22', 'Shri Anjali Menon', '2025-09-27');
INSERT INTO PROCUREMENT_REQUEST (Request_ID, Dept_ID, Item_ID, Vendor_ID, Quantity, Total_Cost, Status, Date_of_Request, Approval_Authority, Date_of_Approval) VALUES ('REQ000061', 'DPT024', 'PRO0118', 'VEN047', 4442, 402781637.08, 'Rejected', '2023-05-01', 'Dr. Anjali Menon', '2023-06-02');
INSERT INTO PROCUREMENT_REQUEST (Request_ID, Dept_ID, Item_ID, Vendor_ID, Quantity, Total_Cost, Status, Date_of_Request, Approval_Authority, Date_of_Approval) VALUES ('REQ000062', 'DPT007', 'PRO0098', 'VEN068', 53, 43406214.01, 'Approved', '2024-04-18', 'Shri Arun Kumar', '2023-01-19');
INSERT INTO PROCUREMENT_REQUEST (Request_ID, Dept_ID, Item_ID, Vendor_ID, Quantity, Total_Cost, Status, Date_of_Request, Approval_Authority, Date_of_Approval) VALUES ('REQ000063', 'DPT028', 'PRO0065', 'VEN033', 3736, 1117846056.88, 'Approved', '2025-09-16', 'Ms. Arun Kumar', '2023-01-14');
INSERT INTO PROCUREMENT_REQUEST (Request_ID, Dept_ID, Item_ID, Vendor_ID, Quantity, Total_Cost, Status, Date_of_Request, Approval_Authority, Date_of_Approval) VALUES ('REQ000064', 'DPT069', 'PRO0071', 'VEN068', 3370, 5886339267.7, 'Pending', '2025-12-20', NULL, NULL);
INSERT INTO PROCUREMENT_REQUEST (Request_ID, Dept_ID, Item_ID, Vendor_ID, Quantity, Total_Cost, Status, Date_of_Request, Approval_Authority, Date_of_Approval) VALUES ('REQ000065', 'DPT003', 'PRO0065', 'VEN033', 3528, 1055610516.24, 'Approved', '2024-01-03', 'Col. Sandeep Rao', '2025-12-09');
INSERT INTO PROCUREMENT_REQUEST (Request_ID, Dept_ID, Item_ID, Vendor_ID, Quantity, Total_Cost, Status, Date_of_Request, Approval_Authority, Date_of_Approval) VALUES ('REQ000066', 'DPT020', 'PRO0031', 'VEN045', 1573, 3014583793.65, 'Approved', '2024-05-31', NULL, '2025-03-23');
INSERT INTO PROCUREMENT_REQUEST (Request_ID, Dept_ID, Item_ID, Vendor_ID, Quantity, Total_Cost, Status, Date_of_Request, Approval_Authority, Date_of_Approval) VALUES ('REQ000067', 'DPT011', 'PRO0048', 'VEN012', 3327, 2408028802.41, 'Approved', '2024-05-13', NULL, '2023-06-15');
INSERT INTO PROCUREMENT_REQUEST (Request_ID, Dept_ID, Item_ID, Vendor_ID, Quantity, Total_Cost, Status, Date_of_Request, Approval_Authority, Date_of_Approval) VALUES ('REQ000068', 'DPT005', 'PRO0012', 'VEN074', 3321, 2850543819.0, 'Approved', '2025-09-01', 'Shri Rohit Verma', '2023-12-17');
INSERT INTO PROCUREMENT_REQUEST (Request_ID, Dept_ID, Item_ID, Vendor_ID, Quantity, Total_Cost, Status, Date_of_Request, Approval_Authority, Date_of_Approval) VALUES ('REQ000069', 'DPT011', 'PRO0064', 'VEN018', 3555, 4375399579.2, 'Approved', '2024-11-09', 'Col. Sandeep Rao', '2025-12-17');
INSERT INTO PROCUREMENT_REQUEST (Request_ID, Dept_ID, Item_ID, Vendor_ID, Quantity, Total_Cost, Status, Date_of_Request, Approval_Authority, Date_of_Approval) VALUES ('REQ000070', 'DPT006', 'PRO0030', 'VEN043', 1732, 44208276370.68, 'Rejected', '2025-08-31', 'Ms. Sanjay Bhat', '2023-06-02');
INSERT INTO PROCUREMENT_REQUEST (Request_ID, Dept_ID, Item_ID, Vendor_ID, Quantity, Total_Cost, Status, Date_of_Request, Approval_Authority, Date_of_Approval) VALUES ('REQ000071', 'DPT036', 'PRO0116', 'VEN028', 4449, 10826117941.68, 'Approved', '2023-03-09', NULL, '2023-02-02');
INSERT INTO PROCUREMENT_REQUEST (Request_ID, Dept_ID, Item_ID, Vendor_ID, Quantity, Total_Cost, Status, Date_of_Request, Approval_Authority, Date_of_Approval) VALUES ('REQ000072', 'DPT027', 'PRO0076', 'VEN040', 1182, 32093384303.34, 'Approved', '2025-03-26', NULL, '2023-11-29');
INSERT INTO PROCUREMENT_REQUEST (Request_ID, Dept_ID, Item_ID, Vendor_ID, Quantity, Total_Cost, Status, Date_of_Request, Approval_Authority, Date_of_Approval) VALUES ('REQ000073', 'DPT073', 'PRO0031', 'VEN045', 4643, 8898100797.15, 'Approved', '2025-03-07', NULL, '2025-02-25');
INSERT INTO PROCUREMENT_REQUEST (Request_ID, Dept_ID, Item_ID, Vendor_ID, Quantity, Total_Cost, Status, Date_of_Request, Approval_Authority, Date_of_Approval) VALUES ('REQ000074', 'DPT018', 'PRO0102', 'VEN045', 643, 101532297.72, 'Approved', '2024-12-09', 'Shri Priya Sharma', '2025-06-14');
INSERT INTO PROCUREMENT_REQUEST (Request_ID, Dept_ID, Item_ID, Vendor_ID, Quantity, Total_Cost, Status, Date_of_Request, Approval_Authority, Date_of_Approval) VALUES ('REQ000075', 'DPT030', 'PRO0108', 'VEN039', 623, 858051308.66, 'Approved', '2025-03-23', 'Col. Neha Gupta', '2024-07-13');
INSERT INTO PROCUREMENT_REQUEST (Request_ID, Dept_ID, Item_ID, Vendor_ID, Quantity, Total_Cost, Status, Date_of_Request, Approval_Authority, Date_of_Approval) VALUES ('REQ000076', 'DPT058', 'PRO0063', 'VEN043', 1869, 3580331907.6, 'Approved', '2025-02-07', 'Brig. Amit Joshi', '2025-02-17');
INSERT INTO PROCUREMENT_REQUEST (Request_ID, Dept_ID, Item_ID, Vendor_ID, Quantity, Total_Cost, Status, Date_of_Request, Approval_Authority, Date_of_Approval) VALUES ('REQ000077', 'DPT011', 'PRO0099', 'VEN041', 2420, 2254891216.6, 'Approved', '2023-05-31', NULL, '2023-11-12');
INSERT INTO PROCUREMENT_REQUEST (Request_ID, Dept_ID, Item_ID, Vendor_ID, Quantity, Total_Cost, Status, Date_of_Request, Approval_Authority, Date_of_Approval) VALUES ('REQ000078', 'DPT049', 'PRO0092', 'VEN016', 1264, 4680674071.52, 'Approved', '2024-10-10', 'Ms. Priya Sharma', '2023-07-07');
INSERT INTO PROCUREMENT_REQUEST (Request_ID, Dept_ID, Item_ID, Vendor_ID, Quantity, Total_Cost, Status, Date_of_Request, Approval_Authority, Date_of_Approval) VALUES ('REQ000079', 'DPT001', 'PRO0040', 'VEN058', 3644, 6552909872.96, 'Approved', '2024-07-06', 'Col. Sandeep Rao', '2023-06-28');
INSERT INTO PROCUREMENT_REQUEST (Request_ID, Dept_ID, Item_ID, Vendor_ID, Quantity, Total_Cost, Status, Date_of_Request, Approval_Authority, Date_of_Approval) VALUES ('REQ000080', 'DPT024', 'PRO0056', 'VEN048', 3677, 180989284660.42, 'Approved', '2025-11-15', 'Dr. Anjali Menon', '2023-02-23');
INSERT INTO PROCUREMENT_REQUEST (Request_ID, Dept_ID, Item_ID, Vendor_ID, Quantity, Total_Cost, Status, Date_of_Request, Approval_Authority, Date_of_Approval) VALUES ('REQ000081', 'DPT012', 'PRO0046', 'VEN051', 4541, 160941424048.3, 'Pending', '2024-10-26', 'Mr. Rakesh Singh', NULL);
INSERT INTO PROCUREMENT_REQUEST (Request_ID, Dept_ID, Item_ID, Vendor_ID, Quantity, Total_Cost, Status, Date_of_Request, Approval_Authority, Date_of_Approval) VALUES ('REQ000082', 'DPT038', 'PRO0053', 'VEN057', 3177, 2315162406.69, 'Approved', '2024-05-12', 'Shri Anjali Menon', '2025-02-18');
INSERT INTO PROCUREMENT_REQUEST (Request_ID, Dept_ID, Item_ID, Vendor_ID, Quantity, Total_Cost, Status, Date_of_Request, Approval_Authority, Date_of_Approval) VALUES ('REQ000083', 'DPT022', 'PRO0018', 'VEN020', 2203, 68055296696.54, 'Approved', '2025-10-06', 'Dr. Rohit Verma', '2023-12-09');
INSERT INTO PROCUREMENT_REQUEST (Request_ID, Dept_ID, Item_ID, Vendor_ID, Quantity, Total_Cost, Status, Date_of_Request, Approval_Authority, Date_of_Approval) VALUES ('REQ000084', 'DPT056', 'PRO0036', 'VEN008', 3450, 12799485199.5, 'Pending', '2023-06-07', NULL, NULL);
INSERT INTO PROCUREMENT_REQUEST (Request_ID, Dept_ID, Item_ID, Vendor_ID, Quantity, Total_Cost, Status, Date_of_Request, Approval_Authority, Date_of_Approval) VALUES ('REQ000085', 'DPT032', 'PRO0093', 'VEN012', 4062, 2823013228.2, 'Approved', '2024-02-05', 'Col. Priya Sharma', '2023-10-05');
INSERT INTO PROCUREMENT_REQUEST (Request_ID, Dept_ID, Item_ID, Vendor_ID, Quantity, Total_Cost, Status, Date_of_Request, Approval_Authority, Date_of_Approval) VALUES ('REQ000086', 'DPT039', 'PRO0001', 'VEN010', 3242, 3944454481.98, 'Approved', '2025-02-17', NULL, '2024-11-16');
INSERT INTO PROCUREMENT_REQUEST (Request_ID, Dept_ID, Item_ID, Vendor_ID, Quantity, Total_Cost, Status, Date_of_Request, Approval_Authority, Date_of_Approval) VALUES ('REQ000087', 'DPT056', 'PRO0105', 'VEN044', 4870, 8413361498.1, 'Pending', '2024-10-18', 'Col. Rakesh Singh', NULL);
INSERT INTO PROCUREMENT_REQUEST (Request_ID, Dept_ID, Item_ID, Vendor_ID, Quantity, Total_Cost, Status, Date_of_Request, Approval_Authority, Date_of_Approval) VALUES ('REQ000088', 'DPT062', 'PRO0041', 'VEN065', 1456, 2850246293.44, 'Rejected', '2024-10-15', NULL, '2024-05-11');
INSERT INTO PROCUREMENT_REQUEST (Request_ID, Dept_ID, Item_ID, Vendor_ID, Quantity, Total_Cost, Status, Date_of_Request, Approval_Authority, Date_of_Approval) VALUES ('REQ000089', 'DPT042', 'PRO0049', 'VEN028', 2297, 55848805284.27, 'Approved', '2025-03-15', 'Ms. Priya Sharma', '2024-02-14');
INSERT INTO PROCUREMENT_REQUEST (Request_ID, Dept_ID, Item_ID, Vendor_ID, Quantity, Total_Cost, Status, Date_of_Request, Approval_Authority, Date_of_Approval) VALUES ('REQ000090', 'DPT076', 'PRO0070', 'VEN074', 1474, 1958665542.02, 'Approved', '2023-02-25', 'Shri Anjali Menon', '2025-06-16');
INSERT INTO PROCUREMENT_REQUEST (Request_ID, Dept_ID, Item_ID, Vendor_ID, Quantity, Total_Cost, Status, Date_of_Request, Approval_Authority, Date_of_Approval) VALUES ('REQ000091', 'DPT038', 'PRO0107', 'VEN064', 567, 1084846208.67, 'Approved', '2025-04-17', 'Ms. Arun Kumar', '2024-09-12');
INSERT INTO PROCUREMENT_REQUEST (Request_ID, Dept_ID, Item_ID, Vendor_ID, Quantity, Total_Cost, Status, Date_of_Request, Approval_Authority, Date_of_Approval) VALUES ('REQ000092', 'DPT031', 'PRO0033', 'VEN023', 1263, 1905792179.88, 'Approved', '2025-02-11', NULL, '2025-09-08');
INSERT INTO PROCUREMENT_REQUEST (Request_ID, Dept_ID, Item_ID, Vendor_ID, Quantity, Total_Cost, Status, Date_of_Request, Approval_Authority, Date_of_Approval) VALUES ('REQ000093', 'DPT075', 'PRO0052', 'VEN049', 4378, 39588975361.32, 'Approved', '2025-05-06', 'Brig. Arun Kumar', '2025-01-06');
INSERT INTO PROCUREMENT_REQUEST (Request_ID, Dept_ID, Item_ID, Vendor_ID, Quantity, Total_Cost, Status, Date_of_Request, Approval_Authority, Date_of_Approval) VALUES ('REQ000094', 'DPT069', 'PRO0077', 'VEN037', 697, 27212404987.21, 'Pending', '2024-05-23', 'Shri Vikram Patel', NULL);
INSERT INTO PROCUREMENT_REQUEST (Request_ID, Dept_ID, Item_ID, Vendor_ID, Quantity, Total_Cost, Status, Date_of_Request, Approval_Authority, Date_of_Approval) VALUES ('REQ000095', 'DPT079', 'PRO0006', 'VEN048', 4614, 212932825398.06, 'Rejected', '2025-03-29', NULL, '2023-08-05');
INSERT INTO PROCUREMENT_REQUEST (Request_ID, Dept_ID, Item_ID, Vendor_ID, Quantity, Total_Cost, Status, Date_of_Request, Approval_Authority, Date_of_Approval) VALUES ('REQ000096', 'DPT002', 'PRO0013', 'VEN004', 2120, 87923024512.4, 'Pending', '2025-11-28', 'Dr. Amit Joshi', NULL);
INSERT INTO PROCUREMENT_REQUEST (Request_ID, Dept_ID, Item_ID, Vendor_ID, Quantity, Total_Cost, Status, Date_of_Request, Approval_Authority, Date_of_Approval) VALUES ('REQ000097', 'DPT058', 'PRO0048', 'VEN012', 3205, 2319727175.15, 'Approved', '2025-10-21', NULL, '2023-02-20');
INSERT INTO PROCUREMENT_REQUEST (Request_ID, Dept_ID, Item_ID, Vendor_ID, Quantity, Total_Cost, Status, Date_of_Request, Approval_Authority, Date_of_Approval) VALUES ('REQ000098', 'DPT062', 'PRO0014', 'VEN035', 2421, 42492170678.13, 'Approved', '2023-06-25', 'Shri Neha Gupta', '2024-12-14');
INSERT INTO PROCUREMENT_REQUEST (Request_ID, Dept_ID, Item_ID, Vendor_ID, Quantity, Total_Cost, Status, Date_of_Request, Approval_Authority, Date_of_Approval) VALUES ('REQ000099', 'DPT040', 'PRO0044', 'VEN013', 3731, 72114696740.45, 'Approved', '2025-12-03', NULL, '2025-09-02');
INSERT INTO PROCUREMENT_REQUEST (Request_ID, Dept_ID, Item_ID, Vendor_ID, Quantity, Total_Cost, Status, Date_of_Request, Approval_Authority, Date_of_Approval) VALUES ('REQ000100', 'DPT013', 'PRO0057', 'VEN049', 3707, 151411130635.71, 'Approved', '2024-09-06', 'Col. Rakesh Singh', '2023-02-16');
INSERT INTO PROCUREMENT_REQUEST (Request_ID, Dept_ID, Item_ID, Vendor_ID, Quantity, Total_Cost, Status, Date_of_Request, Approval_Authority, Date_of_Approval) VALUES ('REQ000101', 'DPT044', 'PRO0083', 'VEN058', 896, 1559129904.64, 'Approved', '2023-12-03', 'Col. Rohit Verma', '2023-11-24');
INSERT INTO PROCUREMENT_REQUEST (Request_ID, Dept_ID, Item_ID, Vendor_ID, Quantity, Total_Cost, Status, Date_of_Request, Approval_Authority, Date_of_Approval) VALUES ('REQ000102', 'DPT043', 'PRO0072', 'VEN033', 3493, 5508748578.69, 'Rejected', '2024-04-19', 'Brig. Neha Gupta', '2024-01-17');
INSERT INTO PROCUREMENT_REQUEST (Request_ID, Dept_ID, Item_ID, Vendor_ID, Quantity, Total_Cost, Status, Date_of_Request, Approval_Authority, Date_of_Approval) VALUES ('REQ000103', 'DPT056', 'PRO0051', 'VEN005', 240, 10516728103.2, 'Approved', '2024-02-09', NULL, '2025-03-07');
INSERT INTO PROCUREMENT_REQUEST (Request_ID, Dept_ID, Item_ID, Vendor_ID, Quantity, Total_Cost, Status, Date_of_Request, Approval_Authority, Date_of_Approval) VALUES ('REQ000104', 'DPT001', 'PRO0091', 'VEN028', 1760, 61070565705.6, 'Pending', '2023-05-09', 'Shri Anjali Menon', NULL);
INSERT INTO PROCUREMENT_REQUEST (Request_ID, Dept_ID, Item_ID, Vendor_ID, Quantity, Total_Cost, Status, Date_of_Request, Approval_Authority, Date_of_Approval) VALUES ('REQ000105', 'DPT069', 'PRO0024', 'VEN017', 2997, 4217983164.63, 'Approved', '2025-07-26', NULL, '2025-09-29');
INSERT INTO PROCUREMENT_REQUEST (Request_ID, Dept_ID, Item_ID, Vendor_ID, Quantity, Total_Cost, Status, Date_of_Request, Approval_Authority, Date_of_Approval) VALUES ('REQ000106', 'DPT068', 'PRO0082', 'VEN040', 2568, 92148280322.64, 'Approved', '2025-03-14', 'Brig. Rakesh Singh', '2024-12-13');
INSERT INTO PROCUREMENT_REQUEST (Request_ID, Dept_ID, Item_ID, Vendor_ID, Quantity, Total_Cost, Status, Date_of_Request, Approval_Authority, Date_of_Approval) VALUES ('REQ000107', 'DPT046', 'PRO0109', 'VEN060', 3751, 4551460361.69, 'Approved', '2024-09-01', 'Shri Sanjay Bhat', '2023-10-02');
INSERT INTO PROCUREMENT_REQUEST (Request_ID, Dept_ID, Item_ID, Vendor_ID, Quantity, Total_Cost, Status, Date_of_Request, Approval_Authority, Date_of_Approval) VALUES ('REQ000108', 'DPT041', 'PRO0016', 'VEN068', 1955, 1641771894.1, 'Approved', '2024-01-10', 'Ms. Vikram Patel', '2025-11-12');
INSERT INTO PROCUREMENT_REQUEST (Request_ID, Dept_ID, Item_ID, Vendor_ID, Quantity, Total_Cost, Status, Date_of_Request, Approval_Authority, Date_of_Approval) VALUES ('REQ000109', 'DPT050', 'PRO0054', 'VEN079', 4886, 7314944590.38, 'Pending', '2025-02-24', 'Shri Amit Joshi', NULL);
INSERT INTO PROCUREMENT_REQUEST (Request_ID, Dept_ID, Item_ID, Vendor_ID, Quantity, Total_Cost, Status, Date_of_Request, Approval_Authority, Date_of_Approval) VALUES ('REQ000110', 'DPT063', 'PRO0082', 'VEN040', 4403, 157994111472.19, 'Approved', '2023-12-21', 'Dr. Amit Joshi', '2025-09-29');
INSERT INTO PROCUREMENT_REQUEST (Request_ID, Dept_ID, Item_ID, Vendor_ID, Quantity, Total_Cost, Status, Date_of_Request, Approval_Authority, Date_of_Approval) VALUES ('REQ000111', 'DPT037', 'PRO0018', 'VEN020', 1533, 47357589575.94, 'Approved', '2025-07-12', 'Mr. Anjali Menon', '2025-01-05');
INSERT INTO PROCUREMENT_REQUEST (Request_ID, Dept_ID, Item_ID, Vendor_ID, Quantity, Total_Cost, Status, Date_of_Request, Approval_Authority, Date_of_Approval) VALUES ('REQ000112', 'DPT002', 'PRO0063', 'VEN043', 1119, 2143601607.6, 'Pending', '2025-02-25', NULL, NULL);
INSERT INTO PROCUREMENT_REQUEST (Request_ID, Dept_ID, Item_ID, Vendor_ID, Quantity, Total_Cost, Status, Date_of_Request, Approval_Authority, Date_of_Approval) VALUES ('REQ000113', 'DPT053', 'PRO0088', 'VEN048', 4029, 15490429257.0, 'Approved', '2025-06-28', 'Ms. Arun Kumar', '2023-06-19');
INSERT INTO PROCUREMENT_REQUEST (Request_ID, Dept_ID, Item_ID, Vendor_ID, Quantity, Total_Cost, Status, Date_of_Request, Approval_Authority, Date_of_Approval) VALUES ('REQ000114', 'DPT073', 'PRO0004', 'VEN028', 1807, 80239124939.35, 'Pending', '2024-07-16', NULL, NULL);
INSERT INTO PROCUREMENT_REQUEST (Request_ID, Dept_ID, Item_ID, Vendor_ID, Quantity, Total_Cost, Status, Date_of_Request, Approval_Authority, Date_of_Approval) VALUES ('REQ000115', 'DPT022', 'PRO0100', 'VEN071', 3747, 5753929620.84, 'Approved', '2025-10-11', 'Col. Anjali Menon', '2023-08-22');
INSERT INTO PROCUREMENT_REQUEST (Request_ID, Dept_ID, Item_ID, Vendor_ID, Quantity, Total_Cost, Status, Date_of_Request, Approval_Authority, Date_of_Approval) VALUES ('REQ000116', 'DPT035', 'PRO0100', 'VEN071', 4450, 6833463254.0, 'Approved', '2025-01-21', 'Brig. Arun Kumar', '2025-06-22');
INSERT INTO PROCUREMENT_REQUEST (Request_ID, Dept_ID, Item_ID, Vendor_ID, Quantity, Total_Cost, Status, Date_of_Request, Approval_Authority, Date_of_Approval) VALUES ('REQ000117', 'DPT070', 'PRO0028', 'VEN047', 3483, 5882786373.06, 'Pending', '2024-05-21', 'Dr. Rohit Verma', NULL);
INSERT INTO PROCUREMENT_REQUEST (Request_ID, Dept_ID, Item_ID, Vendor_ID, Quantity, Total_Cost, Status, Date_of_Request, Approval_Authority, Date_of_Approval) VALUES ('REQ000118', 'DPT058', 'PRO0034', 'VEN073', 2856, 5546214712.08, 'Rejected', '2023-06-28', 'Shri Anjali Menon', '2024-04-30');
INSERT INTO PROCUREMENT_REQUEST (Request_ID, Dept_ID, Item_ID, Vendor_ID, Quantity, Total_Cost, Status, Date_of_Request, Approval_Authority, Date_of_Approval) VALUES ('REQ000119', 'DPT027', 'PRO0104', 'VEN076', 4817, 6346561278.0, 'Approved', '2025-05-26', 'Shri Anjali Menon', '2024-02-28');
INSERT INTO PROCUREMENT_REQUEST (Request_ID, Dept_ID, Item_ID, Vendor_ID, Quantity, Total_Cost, Status, Date_of_Request, Approval_Authority, Date_of_Approval) VALUES ('REQ000120', 'DPT027', 'PRO0104', 'VEN076', 487, 641639058.0, 'Approved', '2025-12-26', 'Col. Arun Kumar', '2024-10-24');
INSERT INTO PROCUREMENT_REQUEST (Request_ID, Dept_ID, Item_ID, Vendor_ID, Quantity, Total_Cost, Status, Date_of_Request, Approval_Authority, Date_of_Approval) VALUES ('REQ000121', 'DPT038', 'PRO0038', 'VEN079', 4692, 5446204983.0, 'Pending', '2025-11-19', 'Shri Amit Joshi', NULL);
INSERT INTO PROCUREMENT_REQUEST (Request_ID, Dept_ID, Item_ID, Vendor_ID, Quantity, Total_Cost, Status, Date_of_Request, Approval_Authority, Date_of_Approval) VALUES ('REQ000122', 'DPT053', 'PRO0118', 'VEN047', 486, 44068409.64, 'Rejected', '2023-09-17', 'Shri Priya Sharma', '2023-10-27');
INSERT INTO PROCUREMENT_REQUEST (Request_ID, Dept_ID, Item_ID, Vendor_ID, Quantity, Total_Cost, Status, Date_of_Request, Approval_Authority, Date_of_Approval) VALUES ('REQ000123', 'DPT042', 'PRO0107', 'VEN064', 2028, 3880190672.28, 'Approved', '2025-03-15', 'Ms. Arun Kumar', '2024-07-04');
INSERT INTO PROCUREMENT_REQUEST (Request_ID, Dept_ID, Item_ID, Vendor_ID, Quantity, Total_Cost, Status, Date_of_Request, Approval_Authority, Date_of_Approval) VALUES ('REQ000124', 'DPT054', 'PRO0049', 'VEN028', 3703, 90034012175.73, 'Pending', '2023-07-10', NULL, NULL);
INSERT INTO PROCUREMENT_REQUEST (Request_ID, Dept_ID, Item_ID, Vendor_ID, Quantity, Total_Cost, Status, Date_of_Request, Approval_Authority, Date_of_Approval) VALUES ('REQ000125', 'DPT048', 'PRO0059', 'VEN067', 3999, 671565986.52, 'Approved', '2023-01-06', NULL, '2025-01-03');
INSERT INTO PROCUREMENT_REQUEST (Request_ID, Dept_ID, Item_ID, Vendor_ID, Quantity, Total_Cost, Status, Date_of_Request, Approval_Authority, Date_of_Approval) VALUES ('REQ000126', 'DPT009', 'PRO0102', 'VEN045', 4379, 691461791.16, 'Approved', '2025-05-29', NULL, '2024-07-03');
INSERT INTO PROCUREMENT_REQUEST (Request_ID, Dept_ID, Item_ID, Vendor_ID, Quantity, Total_Cost, Status, Date_of_Request, Approval_Authority, Date_of_Approval) VALUES ('REQ000127', 'DPT042', 'PRO0107', 'VEN064', 2324, 4446530139.24, 'Approved', '2023-09-25', NULL, '2024-12-04');
INSERT INTO PROCUREMENT_REQUEST (Request_ID, Dept_ID, Item_ID, Vendor_ID, Quantity, Total_Cost, Status, Date_of_Request, Approval_Authority, Date_of_Approval) VALUES ('REQ000128', 'DPT007', 'PRO0006', 'VEN048', 816, 37657820876.64, 'Approved', '2025-07-30', 'Mr. Anjali Menon', '2023-11-20');
INSERT INTO PROCUREMENT_REQUEST (Request_ID, Dept_ID, Item_ID, Vendor_ID, Quantity, Total_Cost, Status, Date_of_Request, Approval_Authority, Date_of_Approval) VALUES ('REQ000129', 'DPT057', 'PRO0059', 'VEN067', 6, 1007600.88, 'Rejected', '2025-05-26', 'Mr. Arun Kumar', '2024-09-10');
INSERT INTO PROCUREMENT_REQUEST (Request_ID, Dept_ID, Item_ID, Vendor_ID, Quantity, Total_Cost, Status, Date_of_Request, Approval_Authority, Date_of_Approval) VALUES ('REQ000130', 'DPT021', 'PRO0112', 'VEN013', 2245, 106119515505.3, 'Pending', '2025-01-08', 'Mr. Rakesh Singh', NULL);
INSERT INTO PROCUREMENT_REQUEST (Request_ID, Dept_ID, Item_ID, Vendor_ID, Quantity, Total_Cost, Status, Date_of_Request, Approval_Authority, Date_of_Approval) VALUES ('REQ000131', 'DPT048', 'PRO0086', 'VEN005', 1356, 16001004783.12, 'Pending', '2024-09-17', NULL, NULL);
INSERT INTO PROCUREMENT_REQUEST (Request_ID, Dept_ID, Item_ID, Vendor_ID, Quantity, Total_Cost, Status, Date_of_Request, Approval_Authority, Date_of_Approval) VALUES ('REQ000132', 'DPT012', 'PRO0091', 'VEN028', 780, 27065364346.8, 'Pending', '2025-09-03', 'Shri Sanjay Bhat', NULL);
INSERT INTO PROCUREMENT_REQUEST (Request_ID, Dept_ID, Item_ID, Vendor_ID, Quantity, Total_Cost, Status, Date_of_Request, Approval_Authority, Date_of_Approval) VALUES ('REQ000133', 'DPT076', 'PRO0029', 'VEN052', 4256, 185247871300.8, 'Approved', '2023-01-20', NULL, '2023-09-04');
INSERT INTO PROCUREMENT_REQUEST (Request_ID, Dept_ID, Item_ID, Vendor_ID, Quantity, Total_Cost, Status, Date_of_Request, Approval_Authority, Date_of_Approval) VALUES ('REQ000134', 'DPT055', 'PRO0089', 'VEN041', 1083, 2080494984.0, 'Approved', '2024-04-13', 'Mr. Rakesh Singh', '2023-07-29');
INSERT INTO PROCUREMENT_REQUEST (Request_ID, Dept_ID, Item_ID, Vendor_ID, Quantity, Total_Cost, Status, Date_of_Request, Approval_Authority, Date_of_Approval) VALUES ('REQ000135', 'DPT014', 'PRO0041', 'VEN065', 3012, 5896251260.88, 'Rejected', '2023-10-08', 'Brig. Anjali Menon', '2023-10-20');
INSERT INTO PROCUREMENT_REQUEST (Request_ID, Dept_ID, Item_ID, Vendor_ID, Quantity, Total_Cost, Status, Date_of_Request, Approval_Authority, Date_of_Approval) VALUES ('REQ000136', 'DPT009', 'PRO0068', 'VEN015', 4615, 4948204661.4, 'Pending', '2023-12-03', NULL, NULL);
INSERT INTO PROCUREMENT_REQUEST (Request_ID, Dept_ID, Item_ID, Vendor_ID, Quantity, Total_Cost, Status, Date_of_Request, Approval_Authority, Date_of_Approval) VALUES ('REQ000137', 'DPT028', 'PRO0081', 'VEN070', 1241, 254870747.3, 'Rejected', '2025-06-25', 'Mr. Neha Gupta', '2023-07-25');
INSERT INTO PROCUREMENT_REQUEST (Request_ID, Dept_ID, Item_ID, Vendor_ID, Quantity, Total_Cost, Status, Date_of_Request, Approval_Authority, Date_of_Approval) VALUES ('REQ000138', 'DPT018', 'PRO0097', 'VEN017', 1009, 624288056.22, 'Approved', '2025-02-25', NULL, '2024-10-06');
INSERT INTO PROCUREMENT_REQUEST (Request_ID, Dept_ID, Item_ID, Vendor_ID, Quantity, Total_Cost, Status, Date_of_Request, Approval_Authority, Date_of_Approval) VALUES ('REQ000139', 'DPT018', 'PRO0032', 'VEN031', 2269, 29040438899.28, 'Approved', '2024-05-23', NULL, '2023-02-24');
INSERT INTO PROCUREMENT_REQUEST (Request_ID, Dept_ID, Item_ID, Vendor_ID, Quantity, Total_Cost, Status, Date_of_Request, Approval_Authority, Date_of_Approval) VALUES ('REQ000140', 'DPT039', 'PRO0027', 'VEN038', 4242, 177777765.9, 'Approved', '2024-01-22', NULL, '2023-04-22');
INSERT INTO PROCUREMENT_REQUEST (Request_ID, Dept_ID, Item_ID, Vendor_ID, Quantity, Total_Cost, Status, Date_of_Request, Approval_Authority, Date_of_Approval) VALUES ('REQ000141', 'DPT031', 'PRO0064', 'VEN018', 3162, 3891705617.28, 'Pending', '2025-10-20', 'Ms. Rakesh Singh', NULL);
INSERT INTO PROCUREMENT_REQUEST (Request_ID, Dept_ID, Item_ID, Vendor_ID, Quantity, Total_Cost, Status, Date_of_Request, Approval_Authority, Date_of_Approval) VALUES ('REQ000142', 'DPT068', 'PRO0114', 'VEN025', 99, 197202023.37, 'Rejected', '2024-10-10', NULL, '2025-05-11');
INSERT INTO PROCUREMENT_REQUEST (Request_ID, Dept_ID, Item_ID, Vendor_ID, Quantity, Total_Cost, Status, Date_of_Request, Approval_Authority, Date_of_Approval) VALUES ('REQ000143', 'DPT047', 'PRO0070', 'VEN074', 1416, 1881594577.68, 'Approved', '2023-05-30', 'Mr. Anjali Menon', '2023-01-29');
INSERT INTO PROCUREMENT_REQUEST (Request_ID, Dept_ID, Item_ID, Vendor_ID, Quantity, Total_Cost, Status, Date_of_Request, Approval_Authority, Date_of_Approval) VALUES ('REQ000144', 'DPT034', 'PRO0028', 'VEN047', 327, 552302941.14, 'Rejected', '2025-03-26', NULL, '2025-10-23');
INSERT INTO PROCUREMENT_REQUEST (Request_ID, Dept_ID, Item_ID, Vendor_ID, Quantity, Total_Cost, Status, Date_of_Request, Approval_Authority, Date_of_Approval) VALUES ('REQ000145', 'DPT054', 'PRO0055', 'VEN031', 3296, 129264570827.84, 'Pending', '2023-11-09', 'Col. Arun Kumar', NULL);
INSERT INTO PROCUREMENT_REQUEST (Request_ID, Dept_ID, Item_ID, Vendor_ID, Quantity, Total_Cost, Status, Date_of_Request, Approval_Authority, Date_of_Approval) VALUES ('REQ000146', 'DPT040', 'PRO0011', 'VEN029', 4189, 7082668036.64, 'Rejected', '2023-11-15', NULL, '2025-03-11');
INSERT INTO PROCUREMENT_REQUEST (Request_ID, Dept_ID, Item_ID, Vendor_ID, Quantity, Total_Cost, Status, Date_of_Request, Approval_Authority, Date_of_Approval) VALUES ('REQ000147', 'DPT076', 'PRO0082', 'VEN040', 542, 19448741407.66, 'Approved', '2025-06-14', 'Dr. Sanjay Bhat', '2024-05-15');
INSERT INTO PROCUREMENT_REQUEST (Request_ID, Dept_ID, Item_ID, Vendor_ID, Quantity, Total_Cost, Status, Date_of_Request, Approval_Authority, Date_of_Approval) VALUES ('REQ000148', 'DPT012', 'PRO0119', 'VEN047', 3560, 2751240552.8, 'Pending', '2023-04-23', 'Shri Priya Sharma', NULL);
INSERT INTO PROCUREMENT_REQUEST (Request_ID, Dept_ID, Item_ID, Vendor_ID, Quantity, Total_Cost, Status, Date_of_Request, Approval_Authority, Date_of_Approval) VALUES ('REQ000149', 'DPT016', 'PRO0002', 'VEN071', 1125, 2237913663.75, 'Approved', '2023-12-02', NULL, '2025-12-07');
INSERT INTO PROCUREMENT_REQUEST (Request_ID, Dept_ID, Item_ID, Vendor_ID, Quantity, Total_Cost, Status, Date_of_Request, Approval_Authority, Date_of_Approval) VALUES ('REQ000150', 'DPT067', 'PRO0101', 'VEN016', 2124, 32298765469.92, 'Pending', '2023-09-17', 'Ms. Sanjay Bhat', NULL);
INSERT INTO PROCUREMENT_REQUEST (Request_ID, Dept_ID, Item_ID, Vendor_ID, Quantity, Total_Cost, Status, Date_of_Request, Approval_Authority, Date_of_Approval) VALUES ('REQ000151', 'DPT004', 'PRO0043', 'VEN044', 3518, 4439177640.46, 'Pending', '2023-05-11', 'Brig. Sandeep Rao', NULL);
INSERT INTO PROCUREMENT_REQUEST (Request_ID, Dept_ID, Item_ID, Vendor_ID, Quantity, Total_Cost, Status, Date_of_Request, Approval_Authority, Date_of_Approval) VALUES ('REQ000152', 'DPT064', 'PRO0059', 'VEN067', 4185, 702801613.8, 'Approved', '2025-10-20', 'Col. Sandeep Rao', '2025-01-23');
INSERT INTO PROCUREMENT_REQUEST (Request_ID, Dept_ID, Item_ID, Vendor_ID, Quantity, Total_Cost, Status, Date_of_Request, Approval_Authority, Date_of_Approval) VALUES ('REQ000153', 'DPT021', 'PRO0033', 'VEN023', 843, 1272037060.68, 'Rejected', '2023-08-25', 'Brig. Rakesh Singh', '2023-04-01');
INSERT INTO PROCUREMENT_REQUEST (Request_ID, Dept_ID, Item_ID, Vendor_ID, Quantity, Total_Cost, Status, Date_of_Request, Approval_Authority, Date_of_Approval) VALUES ('REQ000154', 'DPT002', 'PRO0032', 'VEN031', 377, 4825141236.24, 'Approved', '2025-02-23', 'Mr. Arun Kumar', '2023-03-14');
INSERT INTO PROCUREMENT_REQUEST (Request_ID, Dept_ID, Item_ID, Vendor_ID, Quantity, Total_Cost, Status, Date_of_Request, Approval_Authority, Date_of_Approval) VALUES ('REQ000155', 'DPT071', 'PRO0103', 'VEN017', 3436, 3666381600.96, 'Pending', '2024-05-23', NULL, NULL);
INSERT INTO PROCUREMENT_REQUEST (Request_ID, Dept_ID, Item_ID, Vendor_ID, Quantity, Total_Cost, Status, Date_of_Request, Approval_Authority, Date_of_Approval) VALUES ('REQ000156', 'DPT035', 'PRO0106', 'VEN034', 639, 731246027.22, 'Approved', '2023-09-02', 'Brig. Priya Sharma', '2024-01-03');
INSERT INTO PROCUREMENT_REQUEST (Request_ID, Dept_ID, Item_ID, Vendor_ID, Quantity, Total_Cost, Status, Date_of_Request, Approval_Authority, Date_of_Approval) VALUES ('REQ000157', 'DPT029', 'PRO0103', 'VEN017', 4226, 4509350595.36, 'Rejected', '2025-04-01', NULL, '2024-08-01');
INSERT INTO PROCUREMENT_REQUEST (Request_ID, Dept_ID, Item_ID, Vendor_ID, Quantity, Total_Cost, Status, Date_of_Request, Approval_Authority, Date_of_Approval) VALUES ('REQ000158', 'DPT040', 'PRO0042', 'VEN068', 708, 528047208.12, 'Approved', '2023-01-17', 'Ms. Vikram Patel', '2024-08-20');
INSERT INTO PROCUREMENT_REQUEST (Request_ID, Dept_ID, Item_ID, Vendor_ID, Quantity, Total_Cost, Status, Date_of_Request, Approval_Authority, Date_of_Approval) VALUES ('REQ000159', 'DPT073', 'PRO0101', 'VEN016', 2490, 37864371949.2, 'Approved', '2024-05-11', NULL, '2025-10-07');
INSERT INTO PROCUREMENT_REQUEST (Request_ID, Dept_ID, Item_ID, Vendor_ID, Quantity, Total_Cost, Status, Date_of_Request, Approval_Authority, Date_of_Approval) VALUES ('REQ000160', 'DPT026', 'PRO0094', 'VEN039', 4478, 6355113430.26, 'Approved', '2024-05-17', 'Mr. Arun Kumar', '2025-04-19');
INSERT INTO PROCUREMENT_REQUEST (Request_ID, Dept_ID, Item_ID, Vendor_ID, Quantity, Total_Cost, Status, Date_of_Request, Approval_Authority, Date_of_Approval) VALUES ('REQ000161', 'DPT004', 'PRO0030', 'VEN043', 4437, 113251802688.63, 'Approved', '2023-01-20', 'Brig. Sanjay Bhat', '2025-02-09');
INSERT INTO PROCUREMENT_REQUEST (Request_ID, Dept_ID, Item_ID, Vendor_ID, Quantity, Total_Cost, Status, Date_of_Request, Approval_Authority, Date_of_Approval) VALUES ('REQ000162', 'DPT040', 'PRO0014', 'VEN035', 1681, 29504063985.93, 'Approved', '2024-05-02', NULL, '2023-05-03');
INSERT INTO PROCUREMENT_REQUEST (Request_ID, Dept_ID, Item_ID, Vendor_ID, Quantity, Total_Cost, Status, Date_of_Request, Approval_Authority, Date_of_Approval) VALUES ('REQ000163', 'DPT019', 'PRO0092', 'VEN016', 2293, 8491127884.49, 'Pending', '2024-04-19', NULL, NULL);
INSERT INTO PROCUREMENT_REQUEST (Request_ID, Dept_ID, Item_ID, Vendor_ID, Quantity, Total_Cost, Status, Date_of_Request, Approval_Authority, Date_of_Approval) VALUES ('REQ000164', 'DPT048', 'PRO0059', 'VEN067', 696, 116881702.08, 'Approved', '2025-11-01', NULL, '2023-06-03');
INSERT INTO PROCUREMENT_REQUEST (Request_ID, Dept_ID, Item_ID, Vendor_ID, Quantity, Total_Cost, Status, Date_of_Request, Approval_Authority, Date_of_Approval) VALUES ('REQ000165', 'DPT076', 'PRO0073', 'VEN075', 511, 45408742.61, 'Approved', '2023-09-25', NULL, '2024-06-18');
INSERT INTO PROCUREMENT_REQUEST (Request_ID, Dept_ID, Item_ID, Vendor_ID, Quantity, Total_Cost, Status, Date_of_Request, Approval_Authority, Date_of_Approval) VALUES ('REQ000166', 'DPT041', 'PRO0119', 'VEN047', 3220, 2488481623.6, 'Approved', '2024-10-30', NULL, '2024-07-10');
INSERT INTO PROCUREMENT_REQUEST (Request_ID, Dept_ID, Item_ID, Vendor_ID, Quantity, Total_Cost, Status, Date_of_Request, Approval_Authority, Date_of_Approval) VALUES ('REQ000167', 'DPT030', 'PRO0010', 'VEN040', 1661, 47996483490.56, 'Pending', '2023-08-12', 'Mr. Arun Kumar', NULL);
INSERT INTO PROCUREMENT_REQUEST (Request_ID, Dept_ID, Item_ID, Vendor_ID, Quantity, Total_Cost, Status, Date_of_Request, Approval_Authority, Date_of_Approval) VALUES ('REQ000168', 'DPT022', 'PRO0058', 'VEN033', 3818, 3670186855.42, 'Approved', '2023-09-05', NULL, '2024-03-01');
INSERT INTO PROCUREMENT_REQUEST (Request_ID, Dept_ID, Item_ID, Vendor_ID, Quantity, Total_Cost, Status, Date_of_Request, Approval_Authority, Date_of_Approval) VALUES ('REQ000169', 'DPT058', 'PRO0040', 'VEN058', 3796, 6826247496.64, 'Pending', '2023-09-03', 'Ms. Anjali Menon', NULL);
INSERT INTO PROCUREMENT_REQUEST (Request_ID, Dept_ID, Item_ID, Vendor_ID, Quantity, Total_Cost, Status, Date_of_Request, Approval_Authority, Date_of_Approval) VALUES ('REQ000170', 'DPT039', 'PRO0106', 'VEN034', 4943, 5656571381.14, 'Pending', '2024-11-02', 'Dr. Rohit Verma', NULL);
INSERT INTO PROCUREMENT_REQUEST (Request_ID, Dept_ID, Item_ID, Vendor_ID, Quantity, Total_Cost, Status, Date_of_Request, Approval_Authority, Date_of_Approval) VALUES ('REQ000171', 'DPT032', 'PRO0046', 'VEN051', 3247, 115079674936.1, 'Approved', '2024-09-04', 'Brig. Sandeep Rao', '2023-03-05');
INSERT INTO PROCUREMENT_REQUEST (Request_ID, Dept_ID, Item_ID, Vendor_ID, Quantity, Total_Cost, Status, Date_of_Request, Approval_Authority, Date_of_Approval) VALUES ('REQ000172', 'DPT052', 'PRO0110', 'VEN045', 3705, 5636704971.3, 'Approved', '2024-05-26', NULL, '2023-07-28');
INSERT INTO PROCUREMENT_REQUEST (Request_ID, Dept_ID, Item_ID, Vendor_ID, Quantity, Total_Cost, Status, Date_of_Request, Approval_Authority, Date_of_Approval) VALUES ('REQ000173', 'DPT018', 'PRO0016', 'VEN068', 98, 82298539.96, 'Pending', '2024-03-31', 'Shri Priya Sharma', NULL);
INSERT INTO PROCUREMENT_REQUEST (Request_ID, Dept_ID, Item_ID, Vendor_ID, Quantity, Total_Cost, Status, Date_of_Request, Approval_Authority, Date_of_Approval) VALUES ('REQ000174', 'DPT052', 'PRO0048', 'VEN012', 689, 498687058.87, 'Approved', '2024-06-14', 'Shri Sanjay Bhat', '2023-05-13');
INSERT INTO PROCUREMENT_REQUEST (Request_ID, Dept_ID, Item_ID, Vendor_ID, Quantity, Total_Cost, Status, Date_of_Request, Approval_Authority, Date_of_Approval) VALUES ('REQ000175', 'DPT026', 'PRO0116', 'VEN028', 3633, 8840477968.56, 'Approved', '2023-07-08', 'Brig. Sanjay Bhat', '2023-03-29');
INSERT INTO PROCUREMENT_REQUEST (Request_ID, Dept_ID, Item_ID, Vendor_ID, Quantity, Total_Cost, Status, Date_of_Request, Approval_Authority, Date_of_Approval) VALUES ('REQ000176', 'DPT060', 'PRO0007', 'VEN056', 1377, 2034716118.48, 'Rejected', '2025-06-06', NULL, '2023-03-02');
INSERT INTO PROCUREMENT_REQUEST (Request_ID, Dept_ID, Item_ID, Vendor_ID, Quantity, Total_Cost, Status, Date_of_Request, Approval_Authority, Date_of_Approval) VALUES ('REQ000177', 'DPT049', 'PRO0088', 'VEN048', 3496, 13441186568.0, 'Pending', '2024-03-15', NULL, NULL);
INSERT INTO PROCUREMENT_REQUEST (Request_ID, Dept_ID, Item_ID, Vendor_ID, Quantity, Total_Cost, Status, Date_of_Request, Approval_Authority, Date_of_Approval) VALUES ('REQ000178', 'DPT036', 'PRO0058', 'VEN033', 1218, 1170845361.42, 'Pending', '2024-05-18', NULL, NULL);
INSERT INTO PROCUREMENT_REQUEST (Request_ID, Dept_ID, Item_ID, Vendor_ID, Quantity, Total_Cost, Status, Date_of_Request, Approval_Authority, Date_of_Approval) VALUES ('REQ000179', 'DPT053', 'PRO0113', 'VEN032', 4512, 2955387748.8, 'Approved', '2023-06-29', NULL, '2023-10-09');
INSERT INTO PROCUREMENT_REQUEST (Request_ID, Dept_ID, Item_ID, Vendor_ID, Quantity, Total_Cost, Status, Date_of_Request, Approval_Authority, Date_of_Approval) VALUES ('REQ000180', 'DPT054', 'PRO0026', 'VEN010', 4308, 3699205157.76, 'Pending', '2023-02-09', NULL, NULL);
INSERT INTO PROCUREMENT_REQUEST (Request_ID, Dept_ID, Item_ID, Vendor_ID, Quantity, Total_Cost, Status, Date_of_Request, Approval_Authority, Date_of_Approval) VALUES ('REQ000181', 'DPT062', 'PRO0070', 'VEN074', 3971, 5276703437.83, 'Approved', '2025-10-25', NULL, '2024-07-07');
INSERT INTO PROCUREMENT_REQUEST (Request_ID, Dept_ID, Item_ID, Vendor_ID, Quantity, Total_Cost, Status, Date_of_Request, Approval_Authority, Date_of_Approval) VALUES ('REQ000182', 'DPT024', 'PRO0004', 'VEN028', 2613, 116029238221.65, 'Approved', '2023-03-02', 'Col. Arun Kumar', '2025-08-24');
INSERT INTO PROCUREMENT_REQUEST (Request_ID, Dept_ID, Item_ID, Vendor_ID, Quantity, Total_Cost, Status, Date_of_Request, Approval_Authority, Date_of_Approval) VALUES ('REQ000183', 'DPT068', 'PRO0046', 'VEN051', 4785, 169589234545.5, 'Rejected', '2023-11-23', 'Shri Amit Joshi', '2024-05-08');
INSERT INTO PROCUREMENT_REQUEST (Request_ID, Dept_ID, Item_ID, Vendor_ID, Quantity, Total_Cost, Status, Date_of_Request, Approval_Authority, Date_of_Approval) VALUES ('REQ000184', 'DPT035', 'PRO0069', 'VEN031', 459, 9851163588.36, 'Approved', '2024-03-25', NULL, '2024-12-27');
INSERT INTO PROCUREMENT_REQUEST (Request_ID, Dept_ID, Item_ID, Vendor_ID, Quantity, Total_Cost, Status, Date_of_Request, Approval_Authority, Date_of_Approval) VALUES ('REQ000185', 'DPT023', 'PRO0023', 'VEN038', 1938, 30345727.26, 'Approved', '2025-01-04', 'Brig. Rakesh Singh', '2024-12-21');
INSERT INTO PROCUREMENT_REQUEST (Request_ID, Dept_ID, Item_ID, Vendor_ID, Quantity, Total_Cost, Status, Date_of_Request, Approval_Authority, Date_of_Approval) VALUES ('REQ000186', 'DPT073', 'PRO0073', 'VEN075', 1165, 103524824.15, 'Approved', '2024-01-21', NULL, '2023-12-26');
INSERT INTO PROCUREMENT_REQUEST (Request_ID, Dept_ID, Item_ID, Vendor_ID, Quantity, Total_Cost, Status, Date_of_Request, Approval_Authority, Date_of_Approval) VALUES ('REQ000187', 'DPT063', 'PRO0005', 'VEN052', 740, 3518510870.8, 'Pending', '2024-03-24', NULL, NULL);
INSERT INTO PROCUREMENT_REQUEST (Request_ID, Dept_ID, Item_ID, Vendor_ID, Quantity, Total_Cost, Status, Date_of_Request, Approval_Authority, Date_of_Approval) VALUES ('REQ000188', 'DPT001', 'PRO0043', 'VEN044', 1651, 2083309347.47, 'Approved', '2024-11-28', NULL, '2023-05-02');
INSERT INTO PROCUREMENT_REQUEST (Request_ID, Dept_ID, Item_ID, Vendor_ID, Quantity, Total_Cost, Status, Date_of_Request, Approval_Authority, Date_of_Approval) VALUES ('REQ000189', 'DPT003', 'PRO0019', 'VEN057', 4806, 5835592263.6, 'Approved', '2023-10-18', NULL, '2023-05-29');
INSERT INTO PROCUREMENT_REQUEST (Request_ID, Dept_ID, Item_ID, Vendor_ID, Quantity, Total_Cost, Status, Date_of_Request, Approval_Authority, Date_of_Approval) VALUES ('REQ000190', 'DPT048', 'PRO0091', 'VEN028', 3241, 112460058779.46, 'Approved', '2024-11-20', NULL, '2023-10-07');
INSERT INTO PROCUREMENT_REQUEST (Request_ID, Dept_ID, Item_ID, Vendor_ID, Quantity, Total_Cost, Status, Date_of_Request, Approval_Authority, Date_of_Approval) VALUES ('REQ000191', 'DPT021', 'PRO0094', 'VEN039', 3579, 5079265512.93, 'Approved', '2025-09-24', 'Col. Anjali Menon', '2024-12-31');
INSERT INTO PROCUREMENT_REQUEST (Request_ID, Dept_ID, Item_ID, Vendor_ID, Quantity, Total_Cost, Status, Date_of_Request, Approval_Authority, Date_of_Approval) VALUES ('REQ000192', 'DPT029', 'PRO0086', 'VEN005', 4825, 56935728671.5, 'Approved', '2025-02-13', NULL, '2023-09-18');
INSERT INTO PROCUREMENT_REQUEST (Request_ID, Dept_ID, Item_ID, Vendor_ID, Quantity, Total_Cost, Status, Date_of_Request, Approval_Authority, Date_of_Approval) VALUES ('REQ000193', 'DPT023', 'PRO0094', 'VEN039', 15, 21287785.05, 'Rejected', '2025-03-12', 'Col. Sandeep Rao', '2024-01-08');
INSERT INTO PROCUREMENT_REQUEST (Request_ID, Dept_ID, Item_ID, Vendor_ID, Quantity, Total_Cost, Status, Date_of_Request, Approval_Authority, Date_of_Approval) VALUES ('REQ000194', 'DPT078', 'PRO0041', 'VEN065', 1810, 3543231999.4, 'Approved', '2023-08-02', 'Ms. Arun Kumar', '2024-11-09');
INSERT INTO PROCUREMENT_REQUEST (Request_ID, Dept_ID, Item_ID, Vendor_ID, Quantity, Total_Cost, Status, Date_of_Request, Approval_Authority, Date_of_Approval) VALUES ('REQ000195', 'DPT010', 'PRO0031', 'VEN045', 2842, 5446565252.1, 'Rejected', '2023-12-10', NULL, '2025-07-03');
INSERT INTO PROCUREMENT_REQUEST (Request_ID, Dept_ID, Item_ID, Vendor_ID, Quantity, Total_Cost, Status, Date_of_Request, Approval_Authority, Date_of_Approval) VALUES ('REQ000196', 'DPT002', 'PRO0034', 'VEN073', 1718, 3336273415.74, 'Pending', '2023-05-19', NULL, NULL);
INSERT INTO PROCUREMENT_REQUEST (Request_ID, Dept_ID, Item_ID, Vendor_ID, Quantity, Total_Cost, Status, Date_of_Request, Approval_Authority, Date_of_Approval) VALUES ('REQ000197', 'DPT014', 'PRO0093', 'VEN012', 11, 7644792.1, 'Pending', '2025-06-16', 'Mr. Anjali Menon', NULL);
INSERT INTO PROCUREMENT_REQUEST (Request_ID, Dept_ID, Item_ID, Vendor_ID, Quantity, Total_Cost, Status, Date_of_Request, Approval_Authority, Date_of_Approval) VALUES ('REQ000198', 'DPT053', 'PRO0064', 'VEN018', 3103, 3819089984.32, 'Approved', '2025-02-07', NULL, '2024-04-06');
INSERT INTO PROCUREMENT_REQUEST (Request_ID, Dept_ID, Item_ID, Vendor_ID, Quantity, Total_Cost, Status, Date_of_Request, Approval_Authority, Date_of_Approval) VALUES ('REQ000199', 'DPT021', 'PRO0058', 'VEN033', 604, 580616254.76, 'Approved', '2023-03-10', 'Ms. Arun Kumar', '2024-10-14');
INSERT INTO PROCUREMENT_REQUEST (Request_ID, Dept_ID, Item_ID, Vendor_ID, Quantity, Total_Cost, Status, Date_of_Request, Approval_Authority, Date_of_Approval) VALUES ('REQ000200', 'DPT034', 'PRO0014', 'VEN035', 608, 10671309282.24, 'Approved', '2025-02-07', 'Mr. Neha Gupta', '2023-07-10');
INSERT INTO BUDGET_LOG (Log_ID, Category, Dept_ID, Request_ID, Admin_ID, Amount, Timestamp) VALUES ('BUD000001', 'Refund', 'DPT077', 'REQ000158', 'DEF062', 352252618.79, '2024-06-26 17:43:47');
INSERT INTO BUDGET_LOG (Log_ID, Category, Dept_ID, Request_ID, Admin_ID, Amount, Timestamp) VALUES ('BUD000002', 'Transfer', 'DPT078', 'REQ000112', 'DEF021', 26778817.77, '2024-10-06 17:43:47');
INSERT INTO BUDGET_LOG (Log_ID, Category, Dept_ID, Request_ID, Admin_ID, Amount, Timestamp) VALUES ('BUD000003', 'Transfer', 'DPT025', 'REQ000105', 'DEF071', 361019330.25, '2023-08-25 17:43:47');
INSERT INTO BUDGET_LOG (Log_ID, Category, Dept_ID, Request_ID, Admin_ID, Amount, Timestamp) VALUES ('BUD000004', 'Refund', 'DPT037', 'REQ000077', 'DEF031', 47958864.79, '2024-08-04 17:43:47');
INSERT INTO BUDGET_LOG (Log_ID, Category, Dept_ID, Request_ID, Admin_ID, Amount, Timestamp) VALUES ('BUD000005', 'Adjustment', 'DPT020', 'REQ000014', 'DEF047', 1908782.27, '2025-06-13 17:43:47');
INSERT INTO BUDGET_LOG (Log_ID, Category, Dept_ID, Request_ID, Admin_ID, Amount, Timestamp) VALUES ('BUD000006', 'Refund', 'DPT077', 'REQ000123', 'DEF026', 48494351.75, '2025-02-11 17:43:47');
INSERT INTO BUDGET_LOG (Log_ID, Category, Dept_ID, Request_ID, Admin_ID, Amount, Timestamp) VALUES ('BUD000007', 'Transfer', 'DPT038', 'REQ000021', 'DEF061', 421884693.4, '2024-10-30 17:43:47');
INSERT INTO BUDGET_LOG (Log_ID, Category, Dept_ID, Request_ID, Admin_ID, Amount, Timestamp) VALUES ('BUD000008', 'Adjustment', 'DPT061', 'REQ000126', 'DEF034', 45569347.64, '2024-03-02 17:43:47');
INSERT INTO BUDGET_LOG (Log_ID, Category, Dept_ID, Request_ID, Admin_ID, Amount, Timestamp) VALUES ('BUD000009', 'Adjustment', 'DPT024', 'REQ000095', 'DEF049', 184701463.06, '2024-06-11 17:43:47');
INSERT INTO BUDGET_LOG (Log_ID, Category, Dept_ID, Request_ID, Admin_ID, Amount, Timestamp) VALUES ('BUD000010', 'Procurement', 'DPT034', 'REQ000113', 'DEF060', 131701141.43, '2023-05-07 17:43:47');
INSERT INTO BUDGET_LOG (Log_ID, Category, Dept_ID, Request_ID, Admin_ID, Amount, Timestamp) VALUES ('BUD000011', 'Refund', 'DPT073', 'REQ000016', 'DEF020', 376117818.82, '2023-10-28 17:43:47');
INSERT INTO BUDGET_LOG (Log_ID, Category, Dept_ID, Request_ID, Admin_ID, Amount, Timestamp) VALUES ('BUD000012', 'Procurement', 'DPT011', 'REQ000172', 'DEF045', 404090270.52, '2024-07-14 17:43:47');
INSERT INTO BUDGET_LOG (Log_ID, Category, Dept_ID, Request_ID, Admin_ID, Amount, Timestamp) VALUES ('BUD000013', 'Transfer', 'DPT071', 'REQ000016', 'DEF050', 409202789.03, '2024-07-09 17:43:47');
INSERT INTO BUDGET_LOG (Log_ID, Category, Dept_ID, Request_ID, Admin_ID, Amount, Timestamp) VALUES ('BUD000014', 'Adjustment', 'DPT074', 'REQ000061', 'DEF061', 149426755.65, '2024-08-02 17:43:47');
INSERT INTO BUDGET_LOG (Log_ID, Category, Dept_ID, Request_ID, Admin_ID, Amount, Timestamp) VALUES ('BUD000015', 'Procurement', 'DPT065', 'REQ000147', 'DEF067', 400225367.91, '2023-10-18 17:43:47');
INSERT INTO BUDGET_LOG (Log_ID, Category, Dept_ID, Request_ID, Admin_ID, Amount, Timestamp) VALUES ('BUD000016', 'Transfer', 'DPT016', 'REQ000194', 'DEF058', 86440313.52, '2025-03-23 17:43:47');
INSERT INTO BUDGET_LOG (Log_ID, Category, Dept_ID, Request_ID, Admin_ID, Amount, Timestamp) VALUES ('BUD000017', 'Transfer', 'DPT025', 'REQ000033', 'DEF006', 211688026.28, '2023-10-12 17:43:47');
INSERT INTO BUDGET_LOG (Log_ID, Category, Dept_ID, Request_ID, Admin_ID, Amount, Timestamp) VALUES ('BUD000018', 'Adjustment', 'DPT026', 'REQ000161', 'DEF019', 417054225.23, '2024-12-20 17:43:47');
INSERT INTO BUDGET_LOG (Log_ID, Category, Dept_ID, Request_ID, Admin_ID, Amount, Timestamp) VALUES ('BUD000019', 'Refund', 'DPT009', 'REQ000023', 'DEF050', 278182545.62, '2024-02-23 17:43:47');
INSERT INTO BUDGET_LOG (Log_ID, Category, Dept_ID, Request_ID, Admin_ID, Amount, Timestamp) VALUES ('BUD000020', 'Refund', 'DPT036', 'REQ000134', 'DEF059', 458581038.23, '2025-08-29 17:43:47');
INSERT INTO BUDGET_LOG (Log_ID, Category, Dept_ID, Request_ID, Admin_ID, Amount, Timestamp) VALUES ('BUD000021', 'Adjustment', 'DPT015', 'REQ000107', 'DEF020', 74100722.45, '2024-01-17 17:43:47');
INSERT INTO BUDGET_LOG (Log_ID, Category, Dept_ID, Request_ID, Admin_ID, Amount, Timestamp) VALUES ('BUD000022', 'Procurement', 'DPT014', 'REQ000145', 'DEF013', 392873029.41, '2023-04-06 17:43:47');
INSERT INTO BUDGET_LOG (Log_ID, Category, Dept_ID, Request_ID, Admin_ID, Amount, Timestamp) VALUES ('BUD000023', 'Refund', 'DPT053', 'REQ000068', 'DEF050', 327394180.57, '2024-02-03 17:43:47');
INSERT INTO BUDGET_LOG (Log_ID, Category, Dept_ID, Request_ID, Admin_ID, Amount, Timestamp) VALUES ('BUD000024', 'Adjustment', 'DPT005', 'REQ000045', 'DEF036', 201487576.24, '2023-12-17 17:43:47');
INSERT INTO BUDGET_LOG (Log_ID, Category, Dept_ID, Request_ID, Admin_ID, Amount, Timestamp) VALUES ('BUD000025', 'Adjustment', 'DPT005', 'REQ000102', 'DEF043', 345257186.57, '2025-07-22 17:43:47');
INSERT INTO BUDGET_LOG (Log_ID, Category, Dept_ID, Request_ID, Admin_ID, Amount, Timestamp) VALUES ('BUD000026', 'Adjustment', 'DPT035', 'REQ000096', 'DEF003', 168933702.85, '2023-06-21 17:43:47');
INSERT INTO BUDGET_LOG (Log_ID, Category, Dept_ID, Request_ID, Admin_ID, Amount, Timestamp) VALUES ('BUD000027', 'Refund', 'DPT040', 'REQ000072', 'DEF063', 429117533.38, '2023-10-10 17:43:47');
INSERT INTO BUDGET_LOG (Log_ID, Category, Dept_ID, Request_ID, Admin_ID, Amount, Timestamp) VALUES ('BUD000028', 'Procurement', 'DPT030', 'REQ000035', 'DEF039', 487109738.08, '2024-06-14 17:43:47');
INSERT INTO BUDGET_LOG (Log_ID, Category, Dept_ID, Request_ID, Admin_ID, Amount, Timestamp) VALUES ('BUD000029', 'Refund', 'DPT035', 'REQ000187', 'DEF054', 302489961.25, '2025-06-11 17:43:47');
INSERT INTO BUDGET_LOG (Log_ID, Category, Dept_ID, Request_ID, Admin_ID, Amount, Timestamp) VALUES ('BUD000030', 'Transfer', 'DPT057', 'REQ000055', 'DEF053', 370472658.52, '2023-07-26 17:43:47');
INSERT INTO BUDGET_LOG (Log_ID, Category, Dept_ID, Request_ID, Admin_ID, Amount, Timestamp) VALUES ('BUD000031', 'Refund', 'DPT008', 'REQ000132', 'DEF021', 32809418.19, '2023-09-15 17:43:47');
INSERT INTO BUDGET_LOG (Log_ID, Category, Dept_ID, Request_ID, Admin_ID, Amount, Timestamp) VALUES ('BUD000032', 'Adjustment', 'DPT018', 'REQ000200', 'DEF068', 439666416.35, '2025-08-12 17:43:47');
INSERT INTO BUDGET_LOG (Log_ID, Category, Dept_ID, Request_ID, Admin_ID, Amount, Timestamp) VALUES ('BUD000033', 'Transfer', 'DPT025', 'REQ000052', 'DEF008', 124745881.17, '2024-05-31 17:43:47');
INSERT INTO BUDGET_LOG (Log_ID, Category, Dept_ID, Request_ID, Admin_ID, Amount, Timestamp) VALUES ('BUD000034', 'Procurement', 'DPT047', 'REQ000181', 'DEF026', 136989475.26, '2023-05-21 17:43:47');
INSERT INTO BUDGET_LOG (Log_ID, Category, Dept_ID, Request_ID, Admin_ID, Amount, Timestamp) VALUES ('BUD000035', 'Adjustment', 'DPT065', 'REQ000102', 'DEF016', 340587499.05, '2025-01-06 17:43:47');
INSERT INTO BUDGET_LOG (Log_ID, Category, Dept_ID, Request_ID, Admin_ID, Amount, Timestamp) VALUES ('BUD000036', 'Refund', 'DPT063', 'REQ000153', 'DEF058', 88792669.5, '2023-04-03 17:43:47');
INSERT INTO BUDGET_LOG (Log_ID, Category, Dept_ID, Request_ID, Admin_ID, Amount, Timestamp) VALUES ('BUD000037', 'Adjustment', 'DPT076', 'REQ000142', 'DEF045', 172125157.68, '2023-05-07 17:43:47');
INSERT INTO BUDGET_LOG (Log_ID, Category, Dept_ID, Request_ID, Admin_ID, Amount, Timestamp) VALUES ('BUD000038', 'Refund', 'DPT012', 'REQ000073', 'DEF004', 193283448.8, '2025-03-28 17:43:47');
INSERT INTO BUDGET_LOG (Log_ID, Category, Dept_ID, Request_ID, Admin_ID, Amount, Timestamp) VALUES ('BUD000039', 'Transfer', 'DPT029', 'REQ000166', 'DEF029', 338847945.35, '2024-12-09 17:43:47');
INSERT INTO BUDGET_LOG (Log_ID, Category, Dept_ID, Request_ID, Admin_ID, Amount, Timestamp) VALUES ('BUD000040', 'Adjustment', 'DPT066', 'REQ000006', 'DEF002', 237049129.17, '2025-04-28 17:43:47');
INSERT INTO BUDGET_LOG (Log_ID, Category, Dept_ID, Request_ID, Admin_ID, Amount, Timestamp) VALUES ('BUD000041', 'Transfer', 'DPT077', 'REQ000003', 'DEF029', 126195968.29, '2023-06-09 17:43:47');
INSERT INTO BUDGET_LOG (Log_ID, Category, Dept_ID, Request_ID, Admin_ID, Amount, Timestamp) VALUES ('BUD000042', 'Refund', 'DPT036', 'REQ000109', 'DEF049', 425793234.96, '2024-05-28 17:43:47');
INSERT INTO BUDGET_LOG (Log_ID, Category, Dept_ID, Request_ID, Admin_ID, Amount, Timestamp) VALUES ('BUD000043', 'Refund', 'DPT028', 'REQ000120', 'DEF039', 338598401.0, '2023-05-20 17:43:47');
INSERT INTO BUDGET_LOG (Log_ID, Category, Dept_ID, Request_ID, Admin_ID, Amount, Timestamp) VALUES ('BUD000044', 'Adjustment', 'DPT075', 'REQ000027', 'DEF001', 255757347.22, '2023-11-02 17:43:47');
INSERT INTO BUDGET_LOG (Log_ID, Category, Dept_ID, Request_ID, Admin_ID, Amount, Timestamp) VALUES ('BUD000045', 'Refund', 'DPT072', 'REQ000166', 'DEF077', 304525443.27, '2024-11-09 17:43:47');
INSERT INTO BUDGET_LOG (Log_ID, Category, Dept_ID, Request_ID, Admin_ID, Amount, Timestamp) VALUES ('BUD000046', 'Procurement', 'DPT062', 'REQ000017', 'DEF044', 494180494.55, '2023-11-25 17:43:47');
INSERT INTO BUDGET_LOG (Log_ID, Category, Dept_ID, Request_ID, Admin_ID, Amount, Timestamp) VALUES ('BUD000047', 'Refund', 'DPT036', 'REQ000067', 'DEF039', 94180852.26, '2024-03-30 17:43:47');
INSERT INTO BUDGET_LOG (Log_ID, Category, Dept_ID, Request_ID, Admin_ID, Amount, Timestamp) VALUES ('BUD000048', 'Transfer', 'DPT008', 'REQ000154', 'DEF052', 330265501.31, '2023-10-14 17:43:47');
INSERT INTO BUDGET_LOG (Log_ID, Category, Dept_ID, Request_ID, Admin_ID, Amount, Timestamp) VALUES ('BUD000049', 'Transfer', 'DPT004', 'REQ000168', 'DEF064', 498734552.32, '2024-12-19 17:43:47');
INSERT INTO BUDGET_LOG (Log_ID, Category, Dept_ID, Request_ID, Admin_ID, Amount, Timestamp) VALUES ('BUD000050', 'Adjustment', 'DPT052', 'REQ000100', 'DEF005', 291512268.18, '2024-02-03 17:43:47');
INSERT INTO BUDGET_LOG (Log_ID, Category, Dept_ID, Request_ID, Admin_ID, Amount, Timestamp) VALUES ('BUD000051', 'Transfer', 'DPT044', 'REQ000186', 'DEF029', 343159369.15, '2023-11-27 17:43:47');
INSERT INTO BUDGET_LOG (Log_ID, Category, Dept_ID, Request_ID, Admin_ID, Amount, Timestamp) VALUES ('BUD000052', 'Adjustment', 'DPT046', 'REQ000130', 'DEF039', 422709776.7, '2023-05-04 17:43:47');
INSERT INTO BUDGET_LOG (Log_ID, Category, Dept_ID, Request_ID, Admin_ID, Amount, Timestamp) VALUES ('BUD000053', 'Transfer', 'DPT038', 'REQ000025', 'DEF061', 63972941.9, '2024-12-20 17:43:47');
INSERT INTO BUDGET_LOG (Log_ID, Category, Dept_ID, Request_ID, Admin_ID, Amount, Timestamp) VALUES ('BUD000054', 'Transfer', 'DPT043', 'REQ000168', 'DEF012', 111127533.5, '2025-01-25 17:43:47');
INSERT INTO BUDGET_LOG (Log_ID, Category, Dept_ID, Request_ID, Admin_ID, Amount, Timestamp) VALUES ('BUD000055', 'Refund', 'DPT054', 'REQ000085', 'DEF048', 130280357.14, '2024-11-13 17:43:47');
INSERT INTO BUDGET_LOG (Log_ID, Category, Dept_ID, Request_ID, Admin_ID, Amount, Timestamp) VALUES ('BUD000056', 'Adjustment', 'DPT016', 'REQ000121', 'DEF007', 433196818.45, '2024-01-22 17:43:47');
INSERT INTO BUDGET_LOG (Log_ID, Category, Dept_ID, Request_ID, Admin_ID, Amount, Timestamp) VALUES ('BUD000057', 'Procurement', 'DPT061', 'REQ000050', 'DEF065', 59908848.78, '2023-10-14 17:43:47');
INSERT INTO BUDGET_LOG (Log_ID, Category, Dept_ID, Request_ID, Admin_ID, Amount, Timestamp) VALUES ('BUD000058', 'Adjustment', 'DPT068', 'REQ000077', 'DEF053', 27031931.26, '2023-04-20 17:43:47');
INSERT INTO BUDGET_LOG (Log_ID, Category, Dept_ID, Request_ID, Admin_ID, Amount, Timestamp) VALUES ('BUD000059', 'Transfer', 'DPT018', 'REQ000052', 'DEF044', 204596514.18, '2024-02-05 17:43:47');
INSERT INTO BUDGET_LOG (Log_ID, Category, Dept_ID, Request_ID, Admin_ID, Amount, Timestamp) VALUES ('BUD000060', 'Adjustment', 'DPT019', 'REQ000081', 'DEF024', 389470809.78, '2024-04-29 17:43:47');
INSERT INTO BUDGET_LOG (Log_ID, Category, Dept_ID, Request_ID, Admin_ID, Amount, Timestamp) VALUES ('BUD000061', 'Refund', 'DPT023', 'REQ000081', 'DEF008', 2357746.0, '2024-12-04 17:43:47');
INSERT INTO BUDGET_LOG (Log_ID, Category, Dept_ID, Request_ID, Admin_ID, Amount, Timestamp) VALUES ('BUD000062', 'Transfer', 'DPT022', 'REQ000148', 'DEF021', 244789055.74, '2023-07-22 17:43:47');
INSERT INTO BUDGET_LOG (Log_ID, Category, Dept_ID, Request_ID, Admin_ID, Amount, Timestamp) VALUES ('BUD000063', 'Procurement', 'DPT017', 'REQ000158', 'DEF056', 316744136.86, '2024-07-24 17:43:47');
INSERT INTO BUDGET_LOG (Log_ID, Category, Dept_ID, Request_ID, Admin_ID, Amount, Timestamp) VALUES ('BUD000064', 'Adjustment', 'DPT062', 'REQ000099', 'DEF001', 18863621.51, '2025-02-18 17:43:47');
INSERT INTO BUDGET_LOG (Log_ID, Category, Dept_ID, Request_ID, Admin_ID, Amount, Timestamp) VALUES ('BUD000065', 'Refund', 'DPT002', 'REQ000083', 'DEF068', 95289164.39, '2023-10-19 17:43:47');
INSERT INTO BUDGET_LOG (Log_ID, Category, Dept_ID, Request_ID, Admin_ID, Amount, Timestamp) VALUES ('BUD000066', 'Procurement', 'DPT032', 'REQ000058', 'DEF045', 156046818.15, '2025-05-28 17:43:47');
INSERT INTO BUDGET_LOG (Log_ID, Category, Dept_ID, Request_ID, Admin_ID, Amount, Timestamp) VALUES ('BUD000067', 'Adjustment', 'DPT065', 'REQ000151', 'DEF040', 83510926.61, '2023-05-21 17:43:47');
INSERT INTO BUDGET_LOG (Log_ID, Category, Dept_ID, Request_ID, Admin_ID, Amount, Timestamp) VALUES ('BUD000068', 'Procurement', 'DPT039', 'REQ000075', 'DEF059', 363916227.89, '2024-01-09 17:43:47');
INSERT INTO BUDGET_LOG (Log_ID, Category, Dept_ID, Request_ID, Admin_ID, Amount, Timestamp) VALUES ('BUD000069', 'Refund', 'DPT056', 'REQ000176', 'DEF018', 171367076.9, '2023-03-02 17:43:47');
INSERT INTO BUDGET_LOG (Log_ID, Category, Dept_ID, Request_ID, Admin_ID, Amount, Timestamp) VALUES ('BUD000070', 'Adjustment', 'DPT046', 'REQ000193', 'DEF025', 82442589.56, '2023-02-25 17:43:47');
INSERT INTO BUDGET_LOG (Log_ID, Category, Dept_ID, Request_ID, Admin_ID, Amount, Timestamp) VALUES ('BUD000071', 'Adjustment', 'DPT003', 'REQ000059', 'DEF029', 363584686.9, '2025-04-29 17:43:47');
INSERT INTO BUDGET_LOG (Log_ID, Category, Dept_ID, Request_ID, Admin_ID, Amount, Timestamp) VALUES ('BUD000072', 'Transfer', 'DPT003', 'REQ000151', 'DEF065', 84493201.96, '2024-08-31 17:43:47');
INSERT INTO BUDGET_LOG (Log_ID, Category, Dept_ID, Request_ID, Admin_ID, Amount, Timestamp) VALUES ('BUD000073', 'Procurement', 'DPT049', 'REQ000164', 'DEF033', 385625060.42, '2023-12-12 17:43:47');
INSERT INTO BUDGET_LOG (Log_ID, Category, Dept_ID, Request_ID, Admin_ID, Amount, Timestamp) VALUES ('BUD000074', 'Procurement', 'DPT077', 'REQ000013', 'DEF014', 326784155.63, '2025-08-21 17:43:47');
INSERT INTO BUDGET_LOG (Log_ID, Category, Dept_ID, Request_ID, Admin_ID, Amount, Timestamp) VALUES ('BUD000075', 'Procurement', 'DPT015', 'REQ000107', 'DEF057', 190127501.21, '2024-02-28 17:43:47');
INSERT INTO BUDGET_LOG (Log_ID, Category, Dept_ID, Request_ID, Admin_ID, Amount, Timestamp) VALUES ('BUD000076', 'Refund', 'DPT061', 'REQ000180', 'DEF020', 102748252.33, '2023-10-09 17:43:47');
INSERT INTO BUDGET_LOG (Log_ID, Category, Dept_ID, Request_ID, Admin_ID, Amount, Timestamp) VALUES ('BUD000077', 'Procurement', 'DPT039', 'REQ000108', 'DEF013', 331241820.46, '2024-12-08 17:43:47');
INSERT INTO BUDGET_LOG (Log_ID, Category, Dept_ID, Request_ID, Admin_ID, Amount, Timestamp) VALUES ('BUD000078', 'Transfer', 'DPT054', 'REQ000027', 'DEF066', 359383393.49, '2025-05-13 17:43:47');
INSERT INTO BUDGET_LOG (Log_ID, Category, Dept_ID, Request_ID, Admin_ID, Amount, Timestamp) VALUES ('BUD000079', 'Refund', 'DPT015', 'REQ000028', 'DEF064', 99324132.21, '2025-02-18 17:43:47');
INSERT INTO BUDGET_LOG (Log_ID, Category, Dept_ID, Request_ID, Admin_ID, Amount, Timestamp) VALUES ('BUD000080', 'Refund', 'DPT067', 'REQ000052', 'DEF046', 351718671.69, '2024-11-12 17:43:47');
INSERT INTO BUDGET_LOG (Log_ID, Category, Dept_ID, Request_ID, Admin_ID, Amount, Timestamp) VALUES ('BUD000081', 'Transfer', 'DPT006', 'REQ000141', 'DEF064', 455178403.37, '2023-10-07 17:43:47');
INSERT INTO BUDGET_LOG (Log_ID, Category, Dept_ID, Request_ID, Admin_ID, Amount, Timestamp) VALUES ('BUD000082', 'Adjustment', 'DPT043', 'REQ000061', 'DEF001', 6375687.88, '2025-06-11 17:43:47');
INSERT INTO BUDGET_LOG (Log_ID, Category, Dept_ID, Request_ID, Admin_ID, Amount, Timestamp) VALUES ('BUD000083', 'Procurement', 'DPT074', 'REQ000172', 'DEF064', 74573097.19, '2025-06-10 17:43:47');
INSERT INTO BUDGET_LOG (Log_ID, Category, Dept_ID, Request_ID, Admin_ID, Amount, Timestamp) VALUES ('BUD000084', 'Procurement', 'DPT013', 'REQ000066', 'DEF030', 228376160.62, '2022-12-15 17:43:47');
INSERT INTO BUDGET_LOG (Log_ID, Category, Dept_ID, Request_ID, Admin_ID, Amount, Timestamp) VALUES ('BUD000085', 'Refund', 'DPT034', 'REQ000119', 'DEF007', 49905357.72, '2025-03-16 17:43:47');
INSERT INTO BUDGET_LOG (Log_ID, Category, Dept_ID, Request_ID, Admin_ID, Amount, Timestamp) VALUES ('BUD000086', 'Procurement', 'DPT038', 'REQ000093', 'DEF041', 212998177.19, '2025-05-15 17:43:47');
INSERT INTO BUDGET_LOG (Log_ID, Category, Dept_ID, Request_ID, Admin_ID, Amount, Timestamp) VALUES ('BUD000087', 'Procurement', 'DPT006', 'REQ000003', 'DEF018', 331677850.39, '2025-03-20 17:43:47');
INSERT INTO BUDGET_LOG (Log_ID, Category, Dept_ID, Request_ID, Admin_ID, Amount, Timestamp) VALUES ('BUD000088', 'Refund', 'DPT046', 'REQ000113', 'DEF080', 134155430.98, '2023-08-22 17:43:47');
INSERT INTO BUDGET_LOG (Log_ID, Category, Dept_ID, Request_ID, Admin_ID, Amount, Timestamp) VALUES ('BUD000089', 'Procurement', 'DPT048', 'REQ000088', 'DEF024', 56916886.12, '2024-07-28 17:43:47');
INSERT INTO BUDGET_LOG (Log_ID, Category, Dept_ID, Request_ID, Admin_ID, Amount, Timestamp) VALUES ('BUD000090', 'Adjustment', 'DPT035', 'REQ000099', 'DEF062', 399949748.58, '2023-11-16 17:43:47');
INSERT INTO BUDGET_LOG (Log_ID, Category, Dept_ID, Request_ID, Admin_ID, Amount, Timestamp) VALUES ('BUD000091', 'Transfer', 'DPT015', 'REQ000034', 'DEF008', 490784603.69, '2023-04-30 17:43:47');
INSERT INTO BUDGET_LOG (Log_ID, Category, Dept_ID, Request_ID, Admin_ID, Amount, Timestamp) VALUES ('BUD000092', 'Transfer', 'DPT014', 'REQ000107', 'DEF076', 241337942.6, '2024-02-06 17:43:47');
INSERT INTO BUDGET_LOG (Log_ID, Category, Dept_ID, Request_ID, Admin_ID, Amount, Timestamp) VALUES ('BUD000093', 'Adjustment', 'DPT024', 'REQ000157', 'DEF049', 389582368.13, '2023-12-24 17:43:47');
INSERT INTO BUDGET_LOG (Log_ID, Category, Dept_ID, Request_ID, Admin_ID, Amount, Timestamp) VALUES ('BUD000094', 'Procurement', 'DPT017', 'REQ000124', 'DEF063', 56469626.75, '2024-07-16 17:43:47');
INSERT INTO BUDGET_LOG (Log_ID, Category, Dept_ID, Request_ID, Admin_ID, Amount, Timestamp) VALUES ('BUD000095', 'Adjustment', 'DPT006', 'REQ000017', 'DEF034', 327487129.46, '2025-08-29 17:43:47');
INSERT INTO BUDGET_LOG (Log_ID, Category, Dept_ID, Request_ID, Admin_ID, Amount, Timestamp) VALUES ('BUD000096', 'Transfer', 'DPT044', 'REQ000133', 'DEF067', 344121133.49, '2023-12-17 17:43:47');
INSERT INTO BUDGET_LOG (Log_ID, Category, Dept_ID, Request_ID, Admin_ID, Amount, Timestamp) VALUES ('BUD000097', 'Procurement', 'DPT056', 'REQ000170', 'DEF032', 240965356.73, '2023-11-01 17:43:47');
INSERT INTO BUDGET_LOG (Log_ID, Category, Dept_ID, Request_ID, Admin_ID, Amount, Timestamp) VALUES ('BUD000098', 'Adjustment', 'DPT020', 'REQ000143', 'DEF079', 27284003.05, '2023-11-22 17:43:47');
INSERT INTO BUDGET_LOG (Log_ID, Category, Dept_ID, Request_ID, Admin_ID, Amount, Timestamp) VALUES ('BUD000099', 'Transfer', 'DPT065', 'REQ000121', 'DEF064', 434707947.89, '2025-06-26 17:43:47');
INSERT INTO BUDGET_LOG (Log_ID, Category, Dept_ID, Request_ID, Admin_ID, Amount, Timestamp) VALUES ('BUD000100', 'Adjustment', 'DPT042', 'REQ000062', 'DEF043', 485072554.25, '2025-07-21 17:43:47');
INSERT INTO BUDGET_LOG (Log_ID, Category, Dept_ID, Request_ID, Admin_ID, Amount, Timestamp) VALUES ('BUD000101', 'Transfer', 'DPT071', 'REQ000165', 'DEF049', 201639093.45, '2025-01-13 17:43:47');
INSERT INTO BUDGET_LOG (Log_ID, Category, Dept_ID, Request_ID, Admin_ID, Amount, Timestamp) VALUES ('BUD000102', 'Procurement', 'DPT059', 'REQ000114', 'DEF074', 224049844.73, '2023-04-17 17:43:47');
INSERT INTO BUDGET_LOG (Log_ID, Category, Dept_ID, Request_ID, Admin_ID, Amount, Timestamp) VALUES ('BUD000103', 'Adjustment', 'DPT058', 'REQ000081', 'DEF016', 490335388.8, '2023-08-09 17:43:47');
INSERT INTO BUDGET_LOG (Log_ID, Category, Dept_ID, Request_ID, Admin_ID, Amount, Timestamp) VALUES ('BUD000104', 'Procurement', 'DPT014', 'REQ000104', 'DEF053', 17916930.37, '2024-02-26 17:43:47');
INSERT INTO BUDGET_LOG (Log_ID, Category, Dept_ID, Request_ID, Admin_ID, Amount, Timestamp) VALUES ('BUD000105', 'Procurement', 'DPT012', 'REQ000155', 'DEF080', 318769423.67, '2023-03-14 17:43:47');
INSERT INTO BUDGET_LOG (Log_ID, Category, Dept_ID, Request_ID, Admin_ID, Amount, Timestamp) VALUES ('BUD000106', 'Transfer', 'DPT059', 'REQ000088', 'DEF047', 412655670.0, '2023-05-28 17:43:47');
INSERT INTO BUDGET_LOG (Log_ID, Category, Dept_ID, Request_ID, Admin_ID, Amount, Timestamp) VALUES ('BUD000107', 'Transfer', 'DPT059', 'REQ000085', 'DEF072', 383708432.52, '2024-01-05 17:43:47');
INSERT INTO BUDGET_LOG (Log_ID, Category, Dept_ID, Request_ID, Admin_ID, Amount, Timestamp) VALUES ('BUD000108', 'Adjustment', 'DPT047', 'REQ000184', 'DEF058', 57012565.15, '2023-07-26 17:43:47');
INSERT INTO BUDGET_LOG (Log_ID, Category, Dept_ID, Request_ID, Admin_ID, Amount, Timestamp) VALUES ('BUD000109', 'Transfer', 'DPT001', 'REQ000088', 'DEF046', 414942112.93, '2022-12-28 17:43:47');
INSERT INTO BUDGET_LOG (Log_ID, Category, Dept_ID, Request_ID, Admin_ID, Amount, Timestamp) VALUES ('BUD000110', 'Refund', 'DPT071', 'REQ000134', 'DEF048', 351048324.53, '2025-07-26 17:43:47');
INSERT INTO BUDGET_LOG (Log_ID, Category, Dept_ID, Request_ID, Admin_ID, Amount, Timestamp) VALUES ('BUD000111', 'Transfer', 'DPT064', 'REQ000036', 'DEF053', 53481645.8, '2023-12-25 17:43:47');
INSERT INTO BUDGET_LOG (Log_ID, Category, Dept_ID, Request_ID, Admin_ID, Amount, Timestamp) VALUES ('BUD000112', 'Transfer', 'DPT025', 'REQ000031', 'DEF051', 107795536.59, '2023-05-20 17:43:47');
INSERT INTO BUDGET_LOG (Log_ID, Category, Dept_ID, Request_ID, Admin_ID, Amount, Timestamp) VALUES ('BUD000113', 'Transfer', 'DPT044', 'REQ000028', 'DEF054', 23251134.45, '2023-12-02 17:43:47');
INSERT INTO BUDGET_LOG (Log_ID, Category, Dept_ID, Request_ID, Admin_ID, Amount, Timestamp) VALUES ('BUD000114', 'Procurement', 'DPT058', 'REQ000118', 'DEF076', 478095204.62, '2025-04-26 17:43:47');
INSERT INTO BUDGET_LOG (Log_ID, Category, Dept_ID, Request_ID, Admin_ID, Amount, Timestamp) VALUES ('BUD000115', 'Adjustment', 'DPT001', 'REQ000136', 'DEF007', 276613611.23, '2024-06-24 17:43:47');
INSERT INTO BUDGET_LOG (Log_ID, Category, Dept_ID, Request_ID, Admin_ID, Amount, Timestamp) VALUES ('BUD000116', 'Adjustment', 'DPT066', 'REQ000200', 'DEF023', 345909164.49, '2025-03-17 17:43:47');
INSERT INTO BUDGET_LOG (Log_ID, Category, Dept_ID, Request_ID, Admin_ID, Amount, Timestamp) VALUES ('BUD000117', 'Transfer', 'DPT014', 'REQ000100', 'DEF077', 303080780.82, '2024-10-16 17:43:47');
INSERT INTO BUDGET_LOG (Log_ID, Category, Dept_ID, Request_ID, Admin_ID, Amount, Timestamp) VALUES ('BUD000118', 'Adjustment', 'DPT054', 'REQ000156', 'DEF032', 136798666.38, '2022-12-29 17:43:47');
INSERT INTO BUDGET_LOG (Log_ID, Category, Dept_ID, Request_ID, Admin_ID, Amount, Timestamp) VALUES ('BUD000119', 'Refund', 'DPT038', 'REQ000116', 'DEF018', 69090864.64, '2024-01-03 17:43:47');
INSERT INTO BUDGET_LOG (Log_ID, Category, Dept_ID, Request_ID, Admin_ID, Amount, Timestamp) VALUES ('BUD000120', 'Refund', 'DPT071', 'REQ000081', 'DEF071', 316292009.67, '2025-02-17 17:43:47');
INSERT INTO BUDGET_LOG (Log_ID, Category, Dept_ID, Request_ID, Admin_ID, Amount, Timestamp) VALUES ('BUD000121', 'Transfer', 'DPT080', 'REQ000183', 'DEF038', 343305962.05, '2023-02-10 17:43:47');
INSERT INTO BUDGET_LOG (Log_ID, Category, Dept_ID, Request_ID, Admin_ID, Amount, Timestamp) VALUES ('BUD000122', 'Transfer', 'DPT023', 'REQ000129', 'DEF070', 347156292.55, '2024-10-15 17:43:47');
INSERT INTO BUDGET_LOG (Log_ID, Category, Dept_ID, Request_ID, Admin_ID, Amount, Timestamp) VALUES ('BUD000123', 'Procurement', 'DPT046', 'REQ000144', 'DEF062', 291403552.74, '2023-01-19 17:43:47');
INSERT INTO BUDGET_LOG (Log_ID, Category, Dept_ID, Request_ID, Admin_ID, Amount, Timestamp) VALUES ('BUD000124', 'Adjustment', 'DPT069', 'REQ000074', 'DEF055', 404152581.36, '2024-03-24 17:43:47');
INSERT INTO BUDGET_LOG (Log_ID, Category, Dept_ID, Request_ID, Admin_ID, Amount, Timestamp) VALUES ('BUD000125', 'Procurement', 'DPT004', 'REQ000098', 'DEF019', 26533446.69, '2025-07-15 17:43:47');
INSERT INTO BUDGET_LOG (Log_ID, Category, Dept_ID, Request_ID, Admin_ID, Amount, Timestamp) VALUES ('BUD000126', 'Transfer', 'DPT035', 'REQ000193', 'DEF021', 491766213.28, '2023-10-12 17:43:47');
INSERT INTO BUDGET_LOG (Log_ID, Category, Dept_ID, Request_ID, Admin_ID, Amount, Timestamp) VALUES ('BUD000127', 'Refund', 'DPT019', 'REQ000016', 'DEF038', 102001247.66, '2024-03-05 17:43:47');
INSERT INTO BUDGET_LOG (Log_ID, Category, Dept_ID, Request_ID, Admin_ID, Amount, Timestamp) VALUES ('BUD000128', 'Procurement', 'DPT046', 'REQ000116', 'DEF014', 308054800.77, '2023-10-20 17:43:47');
INSERT INTO BUDGET_LOG (Log_ID, Category, Dept_ID, Request_ID, Admin_ID, Amount, Timestamp) VALUES ('BUD000129', 'Transfer', 'DPT072', 'REQ000100', 'DEF031', 255461640.92, '2023-06-18 17:43:47');
INSERT INTO BUDGET_LOG (Log_ID, Category, Dept_ID, Request_ID, Admin_ID, Amount, Timestamp) VALUES ('BUD000130', 'Refund', 'DPT007', 'REQ000098', 'DEF050', 208283702.18, '2023-06-26 17:43:47');
INSERT INTO BUDGET_LOG (Log_ID, Category, Dept_ID, Request_ID, Admin_ID, Amount, Timestamp) VALUES ('BUD000131', 'Refund', 'DPT071', 'REQ000014', 'DEF002', 371835239.45, '2025-02-15 17:43:47');
INSERT INTO BUDGET_LOG (Log_ID, Category, Dept_ID, Request_ID, Admin_ID, Amount, Timestamp) VALUES ('BUD000132', 'Adjustment', 'DPT029', 'REQ000163', 'DEF048', 377554097.5, '2024-02-29 17:43:47');
INSERT INTO BUDGET_LOG (Log_ID, Category, Dept_ID, Request_ID, Admin_ID, Amount, Timestamp) VALUES ('BUD000133', 'Transfer', 'DPT025', 'REQ000076', 'DEF058', 88713771.82, '2023-10-12 17:43:47');
INSERT INTO BUDGET_LOG (Log_ID, Category, Dept_ID, Request_ID, Admin_ID, Amount, Timestamp) VALUES ('BUD000134', 'Procurement', 'DPT024', 'REQ000045', 'DEF066', 59677786.28, '2025-07-31 17:43:47');
INSERT INTO BUDGET_LOG (Log_ID, Category, Dept_ID, Request_ID, Admin_ID, Amount, Timestamp) VALUES ('BUD000135', 'Adjustment', 'DPT036', 'REQ000143', 'DEF034', 65034134.99, '2024-01-21 17:43:47');
INSERT INTO BUDGET_LOG (Log_ID, Category, Dept_ID, Request_ID, Admin_ID, Amount, Timestamp) VALUES ('BUD000136', 'Refund', 'DPT001', 'REQ000085', 'DEF060', 354844938.47, '2025-04-05 17:43:47');
INSERT INTO BUDGET_LOG (Log_ID, Category, Dept_ID, Request_ID, Admin_ID, Amount, Timestamp) VALUES ('BUD000137', 'Procurement', 'DPT020', 'REQ000083', 'DEF077', 25428669.74, '2023-01-30 17:43:47');
INSERT INTO BUDGET_LOG (Log_ID, Category, Dept_ID, Request_ID, Admin_ID, Amount, Timestamp) VALUES ('BUD000138', 'Refund', 'DPT063', 'REQ000147', 'DEF071', 179043436.0, '2023-07-01 17:43:47');
INSERT INTO BUDGET_LOG (Log_ID, Category, Dept_ID, Request_ID, Admin_ID, Amount, Timestamp) VALUES ('BUD000139', 'Refund', 'DPT068', 'REQ000057', 'DEF024', 260303623.06, '2023-06-28 17:43:47');
INSERT INTO BUDGET_LOG (Log_ID, Category, Dept_ID, Request_ID, Admin_ID, Amount, Timestamp) VALUES ('BUD000140', 'Transfer', 'DPT054', 'REQ000140', 'DEF069', 201709129.8, '2024-09-18 17:43:47');
INSERT INTO BUDGET_LOG (Log_ID, Category, Dept_ID, Request_ID, Admin_ID, Amount, Timestamp) VALUES ('BUD000141', 'Transfer', 'DPT028', 'REQ000170', 'DEF043', 165533937.24, '2024-11-14 17:43:47');
INSERT INTO BUDGET_LOG (Log_ID, Category, Dept_ID, Request_ID, Admin_ID, Amount, Timestamp) VALUES ('BUD000142', 'Transfer', 'DPT080', 'REQ000136', 'DEF061', 498315544.67, '2023-05-21 17:43:47');
INSERT INTO BUDGET_LOG (Log_ID, Category, Dept_ID, Request_ID, Admin_ID, Amount, Timestamp) VALUES ('BUD000143', 'Procurement', 'DPT015', 'REQ000172', 'DEF045', 222834177.48, '2023-02-27 17:43:47');
INSERT INTO BUDGET_LOG (Log_ID, Category, Dept_ID, Request_ID, Admin_ID, Amount, Timestamp) VALUES ('BUD000144', 'Transfer', 'DPT006', 'REQ000175', 'DEF042', 190686922.44, '2023-06-18 17:43:47');
INSERT INTO BUDGET_LOG (Log_ID, Category, Dept_ID, Request_ID, Admin_ID, Amount, Timestamp) VALUES ('BUD000145', 'Procurement', 'DPT050', 'REQ000066', 'DEF070', 361988080.21, '2025-08-16 17:43:47');
INSERT INTO BUDGET_LOG (Log_ID, Category, Dept_ID, Request_ID, Admin_ID, Amount, Timestamp) VALUES ('BUD000146', 'Refund', 'DPT066', 'REQ000131', 'DEF058', 243402867.78, '2024-11-11 17:43:47');
INSERT INTO BUDGET_LOG (Log_ID, Category, Dept_ID, Request_ID, Admin_ID, Amount, Timestamp) VALUES ('BUD000147', 'Transfer', 'DPT042', 'REQ000132', 'DEF011', 474105961.61, '2025-03-23 17:43:47');
INSERT INTO BUDGET_LOG (Log_ID, Category, Dept_ID, Request_ID, Admin_ID, Amount, Timestamp) VALUES ('BUD000148', 'Procurement', 'DPT009', 'REQ000054', 'DEF028', 432475562.91, '2024-07-03 17:43:47');
INSERT INTO BUDGET_LOG (Log_ID, Category, Dept_ID, Request_ID, Admin_ID, Amount, Timestamp) VALUES ('BUD000149', 'Procurement', 'DPT027', 'REQ000138', 'DEF056', 323280933.1, '2023-01-22 17:43:47');
INSERT INTO BUDGET_LOG (Log_ID, Category, Dept_ID, Request_ID, Admin_ID, Amount, Timestamp) VALUES ('BUD000150', 'Procurement', 'DPT020', 'REQ000007', 'DEF059', 358434425.05, '2025-08-03 17:43:47');
INSERT INTO BUDGET_LOG (Log_ID, Category, Dept_ID, Request_ID, Admin_ID, Amount, Timestamp) VALUES ('BUD000151', 'Procurement', 'DPT010', 'REQ000014', 'DEF023', 397107599.27, '2024-02-17 17:43:47');
INSERT INTO BUDGET_LOG (Log_ID, Category, Dept_ID, Request_ID, Admin_ID, Amount, Timestamp) VALUES ('BUD000152', 'Procurement', 'DPT074', 'REQ000059', 'DEF034', 203816981.62, '2024-06-06 17:43:47');
INSERT INTO BUDGET_LOG (Log_ID, Category, Dept_ID, Request_ID, Admin_ID, Amount, Timestamp) VALUES ('BUD000153', 'Adjustment', 'DPT056', 'REQ000081', 'DEF003', 194751544.12, '2025-05-12 17:43:47');
INSERT INTO BUDGET_LOG (Log_ID, Category, Dept_ID, Request_ID, Admin_ID, Amount, Timestamp) VALUES ('BUD000154', 'Procurement', 'DPT080', 'REQ000017', 'DEF075', 22759381.38, '2023-04-26 17:43:47');
INSERT INTO BUDGET_LOG (Log_ID, Category, Dept_ID, Request_ID, Admin_ID, Amount, Timestamp) VALUES ('BUD000155', 'Procurement', 'DPT046', 'REQ000129', 'DEF014', 144919009.58, '2023-10-09 17:43:47');
INSERT INTO BUDGET_LOG (Log_ID, Category, Dept_ID, Request_ID, Admin_ID, Amount, Timestamp) VALUES ('BUD000156', 'Refund', 'DPT078', 'REQ000023', 'DEF037', 382637355.24, '2024-06-19 17:43:47');
INSERT INTO BUDGET_LOG (Log_ID, Category, Dept_ID, Request_ID, Admin_ID, Amount, Timestamp) VALUES ('BUD000157', 'Adjustment', 'DPT051', 'REQ000170', 'DEF004', 236994364.7, '2024-03-13 17:43:47');
INSERT INTO BUDGET_LOG (Log_ID, Category, Dept_ID, Request_ID, Admin_ID, Amount, Timestamp) VALUES ('BUD000158', 'Transfer', 'DPT018', 'REQ000192', 'DEF051', 398385421.75, '2023-04-25 17:43:47');
INSERT INTO BUDGET_LOG (Log_ID, Category, Dept_ID, Request_ID, Admin_ID, Amount, Timestamp) VALUES ('BUD000159', 'Refund', 'DPT019', 'REQ000077', 'DEF048', 478695867.16, '2025-08-30 17:43:47');
INSERT INTO BUDGET_LOG (Log_ID, Category, Dept_ID, Request_ID, Admin_ID, Amount, Timestamp) VALUES ('BUD000160', 'Transfer', 'DPT016', 'REQ000011', 'DEF001', 286359724.75, '2024-08-03 17:43:47');
INSERT INTO BUDGET_LOG (Log_ID, Category, Dept_ID, Request_ID, Admin_ID, Amount, Timestamp) VALUES ('BUD000161', 'Procurement', 'DPT040', 'REQ000054', 'DEF045', 105869259.72, '2023-02-26 17:43:47');
INSERT INTO BUDGET_LOG (Log_ID, Category, Dept_ID, Request_ID, Admin_ID, Amount, Timestamp) VALUES ('BUD000162', 'Transfer', 'DPT021', 'REQ000048', 'DEF029', 308442844.74, '2024-12-26 17:43:47');
INSERT INTO BUDGET_LOG (Log_ID, Category, Dept_ID, Request_ID, Admin_ID, Amount, Timestamp) VALUES ('BUD000163', 'Transfer', 'DPT015', 'REQ000047', 'DEF073', 426125711.63, '2023-04-23 17:43:47');
INSERT INTO BUDGET_LOG (Log_ID, Category, Dept_ID, Request_ID, Admin_ID, Amount, Timestamp) VALUES ('BUD000164', 'Adjustment', 'DPT071', 'REQ000019', 'DEF038', 335842952.87, '2024-12-28 17:43:47');
INSERT INTO BUDGET_LOG (Log_ID, Category, Dept_ID, Request_ID, Admin_ID, Amount, Timestamp) VALUES ('BUD000165', 'Procurement', 'DPT026', 'REQ000186', 'DEF075', 243595717.88, '2024-10-07 17:43:47');
INSERT INTO BUDGET_LOG (Log_ID, Category, Dept_ID, Request_ID, Admin_ID, Amount, Timestamp) VALUES ('BUD000166', 'Refund', 'DPT017', 'REQ000172', 'DEF031', 50023428.59, '2023-12-16 17:43:47');
INSERT INTO BUDGET_LOG (Log_ID, Category, Dept_ID, Request_ID, Admin_ID, Amount, Timestamp) VALUES ('BUD000167', 'Procurement', 'DPT025', 'REQ000082', 'DEF063', 225323538.46, '2023-12-19 17:43:47');
INSERT INTO BUDGET_LOG (Log_ID, Category, Dept_ID, Request_ID, Admin_ID, Amount, Timestamp) VALUES ('BUD000168', 'Refund', 'DPT075', 'REQ000040', 'DEF073', 283431379.62, '2023-06-06 17:43:47');
INSERT INTO BUDGET_LOG (Log_ID, Category, Dept_ID, Request_ID, Admin_ID, Amount, Timestamp) VALUES ('BUD000169', 'Refund', 'DPT055', 'REQ000044', 'DEF001', 156608077.15, '2023-06-29 17:43:47');
INSERT INTO BUDGET_LOG (Log_ID, Category, Dept_ID, Request_ID, Admin_ID, Amount, Timestamp) VALUES ('BUD000170', 'Transfer', 'DPT056', 'REQ000071', 'DEF047', 67153781.89, '2023-08-22 17:43:47');
INSERT INTO BUDGET_LOG (Log_ID, Category, Dept_ID, Request_ID, Admin_ID, Amount, Timestamp) VALUES ('BUD000171', 'Refund', 'DPT062', 'REQ000119', 'DEF058', 179371442.32, '2024-11-02 17:43:47');
INSERT INTO BUDGET_LOG (Log_ID, Category, Dept_ID, Request_ID, Admin_ID, Amount, Timestamp) VALUES ('BUD000172', 'Adjustment', 'DPT071', 'REQ000028', 'DEF023', 322776156.49, '2025-06-19 17:43:47');
INSERT INTO BUDGET_LOG (Log_ID, Category, Dept_ID, Request_ID, Admin_ID, Amount, Timestamp) VALUES ('BUD000173', 'Refund', 'DPT018', 'REQ000138', 'DEF026', 131618062.06, '2023-03-18 17:43:47');
INSERT INTO BUDGET_LOG (Log_ID, Category, Dept_ID, Request_ID, Admin_ID, Amount, Timestamp) VALUES ('BUD000174', 'Procurement', 'DPT010', 'REQ000005', 'DEF065', 315813615.6, '2023-06-01 17:43:47');
INSERT INTO BUDGET_LOG (Log_ID, Category, Dept_ID, Request_ID, Admin_ID, Amount, Timestamp) VALUES ('BUD000175', 'Adjustment', 'DPT076', 'REQ000055', 'DEF005', 275797447.67, '2024-03-03 17:43:47');
INSERT INTO BUDGET_LOG (Log_ID, Category, Dept_ID, Request_ID, Admin_ID, Amount, Timestamp) VALUES ('BUD000176', 'Adjustment', 'DPT020', 'REQ000094', 'DEF051', 111654100.51, '2023-07-13 17:43:47');
INSERT INTO BUDGET_LOG (Log_ID, Category, Dept_ID, Request_ID, Admin_ID, Amount, Timestamp) VALUES ('BUD000177', 'Refund', 'DPT018', 'REQ000119', 'DEF065', 255206486.26, '2024-07-31 17:43:47');
INSERT INTO BUDGET_LOG (Log_ID, Category, Dept_ID, Request_ID, Admin_ID, Amount, Timestamp) VALUES ('BUD000178', 'Refund', 'DPT065', 'REQ000003', 'DEF031', 423991072.07, '2023-06-08 17:43:47');
INSERT INTO BUDGET_LOG (Log_ID, Category, Dept_ID, Request_ID, Admin_ID, Amount, Timestamp) VALUES ('BUD000179', 'Transfer', 'DPT066', 'REQ000036', 'DEF058', 79612049.73, '2024-02-09 17:43:47');
INSERT INTO BUDGET_LOG (Log_ID, Category, Dept_ID, Request_ID, Admin_ID, Amount, Timestamp) VALUES ('BUD000180', 'Transfer', 'DPT062', 'REQ000092', 'DEF006', 109410339.81, '2024-04-29 17:43:47');
INSERT INTO BUDGET_LOG (Log_ID, Category, Dept_ID, Request_ID, Admin_ID, Amount, Timestamp) VALUES ('BUD000181', 'Transfer', 'DPT009', 'REQ000068', 'DEF048', 117010100.41, '2023-10-27 17:43:47');
INSERT INTO BUDGET_LOG (Log_ID, Category, Dept_ID, Request_ID, Admin_ID, Amount, Timestamp) VALUES ('BUD000182', 'Transfer', 'DPT067', 'REQ000093', 'DEF050', 234837644.83, '2024-06-02 17:43:47');
INSERT INTO BUDGET_LOG (Log_ID, Category, Dept_ID, Request_ID, Admin_ID, Amount, Timestamp) VALUES ('BUD000183', 'Procurement', 'DPT006', 'REQ000167', 'DEF042', 51613403.22, '2022-12-24 17:43:47');
INSERT INTO BUDGET_LOG (Log_ID, Category, Dept_ID, Request_ID, Admin_ID, Amount, Timestamp) VALUES ('BUD000184', 'Refund', 'DPT034', 'REQ000149', 'DEF070', 285080505.75, '2024-08-21 17:43:47');
INSERT INTO BUDGET_LOG (Log_ID, Category, Dept_ID, Request_ID, Admin_ID, Amount, Timestamp) VALUES ('BUD000185', 'Adjustment', 'DPT047', 'REQ000151', 'DEF010', 258331932.11, '2024-08-21 17:43:47');
INSERT INTO BUDGET_LOG (Log_ID, Category, Dept_ID, Request_ID, Admin_ID, Amount, Timestamp) VALUES ('BUD000186', 'Transfer', 'DPT067', 'REQ000104', 'DEF046', 408618565.38, '2024-09-22 17:43:47');
INSERT INTO BUDGET_LOG (Log_ID, Category, Dept_ID, Request_ID, Admin_ID, Amount, Timestamp) VALUES ('BUD000187', 'Adjustment', 'DPT062', 'REQ000155', 'DEF001', 250918990.4, '2025-04-21 17:43:47');
INSERT INTO BUDGET_LOG (Log_ID, Category, Dept_ID, Request_ID, Admin_ID, Amount, Timestamp) VALUES ('BUD000188', 'Adjustment', 'DPT022', 'REQ000059', 'DEF010', 257271122.03, '2024-11-27 17:43:47');
INSERT INTO BUDGET_LOG (Log_ID, Category, Dept_ID, Request_ID, Admin_ID, Amount, Timestamp) VALUES ('BUD000189', 'Transfer', 'DPT020', 'REQ000048', 'DEF021', 181112109.88, '2023-09-07 17:43:47');
INSERT INTO BUDGET_LOG (Log_ID, Category, Dept_ID, Request_ID, Admin_ID, Amount, Timestamp) VALUES ('BUD000190', 'Procurement', 'DPT030', 'REQ000107', 'DEF043', 360128109.18, '2024-05-05 17:43:47');
INSERT INTO BUDGET_LOG (Log_ID, Category, Dept_ID, Request_ID, Admin_ID, Amount, Timestamp) VALUES ('BUD000191', 'Adjustment', 'DPT062', 'REQ000054', 'DEF076', 80623968.69, '2023-05-11 17:43:47');
INSERT INTO BUDGET_LOG (Log_ID, Category, Dept_ID, Request_ID, Admin_ID, Amount, Timestamp) VALUES ('BUD000192', 'Adjustment', 'DPT003', 'REQ000063', 'DEF006', 63943429.59, '2024-01-13 17:43:47');
INSERT INTO BUDGET_LOG (Log_ID, Category, Dept_ID, Request_ID, Admin_ID, Amount, Timestamp) VALUES ('BUD000193', 'Transfer', 'DPT018', 'REQ000162', 'DEF066', 19596393.43, '2024-02-02 17:43:47');
INSERT INTO BUDGET_LOG (Log_ID, Category, Dept_ID, Request_ID, Admin_ID, Amount, Timestamp) VALUES ('BUD000194', 'Transfer', 'DPT008', 'REQ000043', 'DEF034', 461223512.88, '2024-03-30 17:43:47');
INSERT INTO BUDGET_LOG (Log_ID, Category, Dept_ID, Request_ID, Admin_ID, Amount, Timestamp) VALUES ('BUD000195', 'Adjustment', 'DPT077', 'REQ000145', 'DEF003', 439254612.97, '2023-08-27 17:43:47');
INSERT INTO BUDGET_LOG (Log_ID, Category, Dept_ID, Request_ID, Admin_ID, Amount, Timestamp) VALUES ('BUD000196', 'Refund', 'DPT011', 'REQ000056', 'DEF058', 303263342.44, '2024-05-16 17:43:47');
INSERT INTO BUDGET_LOG (Log_ID, Category, Dept_ID, Request_ID, Admin_ID, Amount, Timestamp) VALUES ('BUD000197', 'Adjustment', 'DPT022', 'REQ000057', 'DEF053', 300419756.37, '2023-06-20 17:43:47');
INSERT INTO BUDGET_LOG (Log_ID, Category, Dept_ID, Request_ID, Admin_ID, Amount, Timestamp) VALUES ('BUD000198', 'Transfer', 'DPT080', 'REQ000169', 'DEF066', 132261084.75, '2023-08-31 17:43:47');
INSERT INTO BUDGET_LOG (Log_ID, Category, Dept_ID, Request_ID, Admin_ID, Amount, Timestamp) VALUES ('BUD000199', 'Refund', 'DPT059', 'REQ000153', 'DEF076', 34422379.68, '2024-08-19 17:43:47');
INSERT INTO BUDGET_LOG (Log_ID, Category, Dept_ID, Request_ID, Admin_ID, Amount, Timestamp) VALUES ('BUD000200', 'Adjustment', 'DPT017', 'REQ000028', 'DEF003', 101175072.2, '2023-04-14 17:43:47');